-- phpMyAdmin SQL Dump
-- version 5.2.0
-- https://www.phpmyadmin.net/
--
-- Hôte : 127.0.0.1:3306
-- Généré le : mer. 20 mars 2024 à 09:41
-- Version du serveur : 8.0.34
-- Version de PHP : 8.0.26

SET SQL_MODE = "NO_AUTO_VALUE_ON_ZERO";
START TRANSACTION;
SET time_zone = "+00:00";


/*!40101 SET @OLD_CHARACTER_SET_CLIENT=@@CHARACTER_SET_CLIENT */;
/*!40101 SET @OLD_CHARACTER_SET_RESULTS=@@CHARACTER_SET_RESULTS */;
/*!40101 SET @OLD_COLLATION_CONNECTION=@@COLLATION_CONNECTION */;
/*!40101 SET NAMES utf8mb4 */;

--
-- Base de données : `foot_v2`
--

-- --------------------------------------------------------

--
-- Structure de la table `table_club`
--

DROP TABLE IF EXISTS `table_club`;
CREATE TABLE IF NOT EXISTS `table_club` (
  `nom` varchar(5) DEFAULT NULL,
  `id_club` int NOT NULL,
  `id_ligue` int DEFAULT NULL,
  PRIMARY KEY (`id_club`),
  KEY `id_ligue` (`id_ligue`)
) ENGINE=InnoDB DEFAULT CHARSET=utf8mb3;

--
-- Déchargement des données de la table `table_club`
--

INSERT INTO `table_club` (`nom`, `id_club`, `id_ligue`) VALUES
('(ACM)', 1, 2),
('(ALA)', 2, 4),
('(ANG)', 3, 5),
('(ARS)', 4, 1),
('(ATA)', 5, 3),
('(ATL)', 6, 1),
('(BAR)', 7, 4),
('(BAY)', 8, 2),
('(BEN)', 9, 3),
('(BET)', 10, 4),
('(BIL)', 11, 4),
('(BMG)', 12, 2),
('(BOR)', 13, 5),
('(BOT)', 14, 2),
('(BOU)', 15, 1),
('(BSC)', 16, 2),
('(BUR)', 17, 1),
('(CAE)', 18, 5),
('(CAG)', 19, 3),
('(CAR)', 20, 4),
('(CEL)', 21, 4),
('(CHE)', 22, 2),
('(CRY)', 23, 1),
('(CRZ)', 24, 3),
('(DOR)', 25, 2),
('(DUS)', 26, 2),
('(EIB)', 27, 4),
('(ESP)', 28, 4),
('(EVE)', 29, 1),
('(FCA)', 30, 2),
('(FIO)', 31, 3),
('(FRA)', 32, 2),
('(GAL)', 33, 5),
('(GET)', 34, 4),
('(GIR)', 35, 4),
('(GRA)', 36, 4),
('(GRO)', 37, 2),
('(HKI)', 38, 2),
('(HOF)', 39, 2),
('(HUE)', 40, 4),
('(IMI)', 41, 3),
('(INT)', 42, 1),
('(JUV)', 43, 4),
('(KOL)', 44, 2),
('(LAG)', 45, 2),
('(LAZ)', 46, 3),
('(LEC)', 47, 3),
('(LEE)', 48, 1),
('(LEI)', 49, 1),
('(LEN)', 50, 5),
('(LEV)', 51, 2),
('(LIL)', 52, 5),
('(LIV)', 53, 3),
('(LOK)', 54, 5),
('(LYO)', 55, 5),
('(MAI)', 56, 2),
('(MAR)', 57, 5),
('(MNC)', 58, 1),
('(MNU)', 59, 1),
('(MON)', 60, 2),
('(MPE)', 61, 5),
('(NAN)', 62, 2),
('(NAP)', 63, 3),
('(NEW)', 64, 1),
('(NIC)', 65, 5),
('(NOR)', 66, 1),
('(OSA)', 67, 4),
('(PAR)', 68, 3),
('(PSG)', 69, 5),
('(RAN)', 70, 1),
('(RBL)', 71, 2),
('(REN)', 72, 5),
('(CAL)', 73, 3),
('(RMA)', 74, 1),
('(ROM)', 75, 3),
('(DEP)', 76, 4),
('(SAM)', 77, 3),
('(SAS)', 78, 3),
('(SCF)', 79, 2),
('(SCH)', 80, 2),
('(SEV)', 81, 4),
('(SIV)', 82, 5),
('(SOC)', 83, 4),
('(SOU)', 84, 1),
('(STE)', 85, 5),
('(STP)', 86, 2),
('(STR)', 87, 5),
('(SVW)', 88, 2),
('(TOR)', 89, 3),
('(TOT)', 90, 1),
('(UDI)', 91, 3),
('(UNB)', 92, 2),
('(VAL)', 93, 4),
('(VER)', 94, 3),
('(VfB)', 95, 2),
('(VIL)', 96, 3),
('(WAT)', 97, 1),
('(WHU)', 98, 1),
('(WOB)', 99, 2),
('(WOL)', 100, 1);

-- --------------------------------------------------------

--
-- Structure de la table `table_joueur`
--

DROP TABLE IF EXISTS `table_joueur`;
CREATE TABLE IF NOT EXISTS `table_joueur` (
  `ID` int NOT NULL,
  `nom` varchar(40) NOT NULL,
  `age` tinyint NOT NULL,
  `id_club2016` int DEFAULT NULL,
  `id_club2017` int DEFAULT NULL,
  `id_club2018` int DEFAULT NULL,
  `id_club2019` int DEFAULT NULL,
  `id_club2020` int DEFAULT NULL,
  `liens images` varchar(150) NOT NULL,
  PRIMARY KEY (`ID`),
  KEY `id_club2016` (`id_club2016`),
  KEY `id_club2017` (`id_club2017`),
  KEY `id_club2018` (`id_club2018`),
  KEY `id_club2019` (`id_club2019`),
  KEY `id_club2020` (`id_club2020`)
) ENGINE=InnoDB DEFAULT CHARSET=utf8mb4 COLLATE=utf8mb4_0900_ai_ci;

--
-- Déchargement des données de la table `table_joueur`
--

INSERT INTO `table_joueur` (`ID`, `nom`, `age`, `id_club2016`, `id_club2017`, `id_club2018`, `id_club2019`, `id_club2020`, `liens images`) VALUES
(1, 'Adrien Hunou', 35, NULL, NULL, NULL, 72, NULL, 'https://encrypted-tbn0.gstatic.com/images?q=tbn:ANd9GcSZbzyUL54qID_kG9Qr99lkTWWsnO2Gcq1b59kMIEvu5NY92XuNDI8P1fOLTA&s'),
(2, 'Adrien Thomasson', 28, NULL, NULL, NULL, 85, NULL, 'https://encrypted-tbn0.gstatic.com/images?q=tbn:ANd9GcT42YbLEVrSQHptuPKDFy_4cqmb_eetFnKFPHfoXQkPnJVhrVfKwIsxzSpzKII&s'),
(3, 'Aduriz', 28, 11, NULL, NULL, NULL, NULL, 'https://encrypted-tbn0.gstatic.com/images?q=tbn:ANd9GcSxpUOgUDH3YTUeYNk7-B1jv96pVZB3xQU85tDox2E7bA4o0wmvWvzcj_pBa-Q&s'),
(4, 'Alassane Plea', 23, NULL, NULL, 12, 12, NULL, 'https://encrypted-tbn0.gstatic.com/images?q=tbn:ANd9GcRyeXDocClU4kLl779enz1O1tdKwEqmN-C7tGNHJgAUUGApyaPFrfJSpEwTMg&s'),
(5, 'Alejandro Gomez', 28, 5, NULL, NULL, NULL, NULL, 'https://encrypted-tbn0.gstatic.com/images?q=tbn:ANd9GcScxH2gKoz7QTUUa5Eir0YjcltWvlHS3Ol0FJosNlVdDYx3hcHMGUZDjT0H8g&s'),
(6, 'Alexandre Lacazette', 25, NULL, NULL, 4, NULL, NULL, 'https://encrypted-tbn0.gstatic.com/images?q=tbn:ANd9GcSc0Faa0GkWFfvy1YlpJY7F2X9G_W0iIGcsBFm6oQfz5NoNjT2gMf2mJemMZQ&s'),
(7, 'Alexis Sanchez', 32, 42, NULL, NULL, NULL, NULL, 'https://encrypted-tbn0.gstatic.com/images?q=tbn:ANd9GcRggFMCbRw6GZJl914c0crIYkNp0t5UJwfefqx7bsGnJSEDfNZdmwBXi-sDVw&s'),
(8, 'Alfred Finnbogason', 30, NULL, 30, 30, NULL, NULL, 'https://encrypted-tbn0.gstatic.com/images?q=tbn:ANd9GcRB3e8aes8MwEQSn30wT7JbVZfu_EPBLE-lGL0-ezM35ZR_kwPXJ628ocOW8w&s'),
(9, 'Andre Silva', 28, NULL, NULL, NULL, 32, NULL, 'https://encrypted-tbn0.gstatic.com/images?q=tbn:ANd9GcSilSDtdhEAg-KgBuF0Wjse6t36dPNJftmzHjKUVQ4gPW1eifZWLCoA7xvn1w&s'),
(10, 'Andrea Belotti', 26, 87, 87, 87, 87, NULL, 'https://encrypted-tbn0.gstatic.com/images?q=tbn:ANd9GcTiDK1lVUDtB7dJlo5H0ios0IjJ9WMHL7GhW58dAyWkNEuPTLk07Q6RjkdSZQ&s'),
(11, 'Andrea Petagna', 20, NULL, NULL, 63, 63, NULL, 'https://encrypted-tbn0.gstatic.com/images?q=tbn:ANd9GcR5pRN_Du-US2ChOg4agSeUJpJpiyT1PND3nI3EddUoWlOPI3ybWNlJOktO9A&s'),
(12, 'Andreas Cornelius', 26, NULL, NULL, NULL, 68, NULL, 'https://encrypted-tbn0.gstatic.com/images?q=tbn:ANd9GcSjuR9DCpD48QzTcRrgo8tlAW5Mql836x7JD-UeP0-3cWMFYHLY-47LaEC8nA&s'),
(13, 'Andrej Kramaric', 29, 39, 39, 39, 39, NULL, 'https://encrypted-tbn0.gstatic.com/images?q=tbn:ANd9GcRUE6cxiVT7xef0no7zTV_Yvp7hIEgBxFjx-TNWy9lTiIQQDR3ugqNyo6sBCw&s'),
(14, 'Andy Delort', 33, NULL, NULL, 61, 61, 61, 'https://encrypted-tbn0.gstatic.com/images?q=tbn:ANd9GcQrMeIaxa8WT-NpsNQpqVx989WKrdbnx5WrknjzxAho3iVOFY-uZGjAJuKIZg&s'),
(15, 'Angel Di Maria', 26, NULL, NULL, 69, NULL, NULL, 'https://encrypted-tbn0.gstatic.com/images?q=tbn:ANd9GcRi5MDKtuw_e241RuOHyRnzrZyn4EdFj9Griv6BJDS6p8PZ9mp92pTfu3-Xw7g&s'),
(16, 'Angel Rodriguez', 24, NULL, 34, NULL, NULL, NULL, 'https://encrypted-tbn0.gstatic.com/images?q=tbn:ANd9GcRNLCM0JGoFddpFZwe28l94UG209SY-BvkeIT1rAdyZqqivwiyS12-LbigPug&s'),
(17, 'Ante Budimir', 21, NULL, NULL, NULL, 67, NULL, 'https://encrypted-tbn0.gstatic.com/images?q=tbn:ANd9GcQCeXdLyUbVAa1bb2u4IV5XTGxik-TxWM_0R9UNP_81vtt545_1lmBz7JcB6xw&s'),
(18, 'Ante Rebic', 29, NULL, NULL, 1, 1, NULL, 'https://encrypted-tbn0.gstatic.com/images?q=tbn:ANd9GcSI8PpHZfUOft87MzWdehcsdJgCbrS5DNRrzHyC4ifoZX8zd6rkxOWBJrPtjQ&s'),
(19, 'Anthony Martial', 27, NULL, NULL, NULL, 59, NULL, 'https://encrypted-tbn0.gstatic.com/images?q=tbn:ANd9GcSVcS2qVmDuO5EaQYsqyJPl5YctpZE1fwgAGwus2xnbcanN69R-U35wFPKFfA&s'),
(20, 'Anthony Modeste', 23, 44, NULL, NULL, NULL, NULL, 'https://encrypted-tbn0.gstatic.com/images?q=tbn:ANd9GcSgRT7oi5U7NVI9x9a5-TVa5_R66dknbmBGvqDcm-fFtbeIDp5EdAUU7gOLVA&s'),
(21, 'Antoine Griezmann', 29, 7, 7, 7, NULL, NULL, 'https://encrypted-tbn0.gstatic.com/images?q=tbn:ANd9GcRx0xTnPtbJgC63P37knb64r3Zg67UrxsioSm1qaW1-ZzEU9FpVhYU43GlMIQ&s'),
(22, 'Arjen Robben', 29, 37, NULL, NULL, NULL, NULL, 'https://encrypted-tbn0.gstatic.com/images?q=tbn:ANd9GcQ5Kzf5TfyqfYh3PUHW_8-dlAiUBEZXhX8WkCdcYnfFPF7bwFaC9HGctfCfVRY&s'),
(23, 'Arkadiusz Milik', 34, NULL, NULL, 63, 63, NULL, 'https://encrypted-tbn0.gstatic.com/images?q=tbn:ANd9GcRx2qglM3_q8Sw93AV3r4uFXkv1bgOHyOP1j8nkE40QA7pwIYJqbY_vpoJau-c&s'),
(24, 'Ashley Barnes', 24, NULL, NULL, 17, NULL, NULL, 'https://encrypted-tbn0.gstatic.com/images?q=tbn:ANd9GcT8_DQZ9cNYB3oUxQ9645BOK_ncq09IH9Ov3vTWI9Z1-j1wrDnGloIaFeV61Nw&s'),
(25, 'Ayoze Perez', 25, NULL, NULL, 49, NULL, NULL, 'https://encrypted-tbn0.gstatic.com/images?q=tbn:ANd9GcS3c896tAc8aozXg9sbBMr7-t2hvQhogvoJ1EW808kX6Mp6Yiib2y4qI4Ge0-I&s'),
(26, 'Benito Raman', 29, NULL, NULL, 78, NULL, NULL, 'https://encrypted-tbn0.gstatic.com/images?q=tbn:ANd9GcSJT_7k_tkffixZybJzAkCzooxNuhve6g5JBAs8RTzeH-ZpCT6NGKkYTCFEzwM&s'),
(27, 'Borja Iglesias', 21, NULL, NULL, 10, NULL, NULL, 'https://encrypted-tbn0.gstatic.com/images?q=tbn:ANd9GcT1uAu5VOmzaJ14WpxKNofmlhB64HoUiQohpkeBpZgSgd073UiOcURkH_CG4g&s'),
(28, 'Burak Yilmaz', 29, NULL, NULL, NULL, NULL, 52, 'https://encrypted-tbn0.gstatic.com/images?q=tbn:ANd9GcR70DO2T_glJ5hFzfg-UBs_hWsPqxo8UJlU_sXlhF9rtKhpI7wcaPw-R7e5pUc&s'),
(29, 'Callum Wilson', 28, NULL, NULL, 64, NULL, NULL, 'https://encrypted-tbn0.gstatic.com/images?q=tbn:ANd9GcSITuX5rswd4NggJEczrJWvxdROf79uqAryFiq5-O7GRYrAtN0O5-wX7_iWgQ&s'),
(30, 'Carlos Bacca', 29, 94, 94, NULL, NULL, NULL, 'https://encrypted-tbn0.gstatic.com/images?q=tbn:ANd9GcTM1Hoo-45Qr1OXxFMYwqHusW0buqDG8gwLug20PvDyZk6BXFWsGZuWmguVQOg&s'),
(31, 'Carlos Fernandez', 29, NULL, NULL, NULL, 79, NULL, 'https://encrypted-tbn0.gstatic.com/images?q=tbn:ANd9GcR1_rfhgqkOTb4g1r_Azcv2sxHIwxNft-xcY1v2_DEH8bLWhlHocGUVl5c3DTo&s'),
(32, 'Cedric Bakambu', 34, 81, NULL, NULL, NULL, NULL, 'https://encrypted-tbn0.gstatic.com/images?q=tbn:ANd9GcQocJe_SV7rHDg3lkCRSwftXMcUTkD5Ldh7-Ays5GpKHDQAQC2EflvxsS3vg5A&s'),
(33, 'Chicharito', 31, 45, NULL, NULL, NULL, NULL, 'https://encrypted-tbn0.gstatic.com/images?q=tbn:ANd9GcT_9NQH-0ddJSzv0uB4LMqyvppDZAt-wpdGZOwXUOKceCSaJFXWu3RTkg9qIQ&s'),
(34, 'Chimy Avila', 23, NULL, NULL, 67, NULL, NULL, 'https://encrypted-tbn0.gstatic.com/images?q=tbn:ANd9GcTzJ_LNaqXlZ-IGuvOqZTS7gkV5CyIzPGB_bJfS4YjuQ5CZKnMh_t88T2NdKZQ&s'),
(35, 'Chris Wood', 28, NULL, NULL, NULL, 17, NULL, 'https://encrypted-tbn0.gstatic.com/images?q=tbn:ANd9GcRNEnF_Izo1nm4GVP17gKlILdjpdYCC52juwlQVEP2JrfpDVttNVfsJHloorg&s'),
(36, 'Christian Benteke', 22, 23, NULL, NULL, NULL, NULL, 'https://encrypted-tbn0.gstatic.com/images?q=tbn:ANd9GcRA_djs2g4R7fQnRgSx5ZlkJKOyoaP81PzRpcclHc77V4e6ZNAyDUwqX3E9hA&s'),
(37, 'Ciro Immobile', 26, 46, 46, 46, 46, NULL, 'https://encrypted-tbn0.gstatic.com/images?q=tbn:ANd9GcTllhC2tfyauR4jUCOufr9wyjd6j3kAUmgjK8soBLCi1wUlU19vCNsbHEgkxnU&s'),
(38, 'Cristhian Stuani', 28, NULL, 35, 35, NULL, NULL, 'https://encrypted-tbn0.gstatic.com/images?q=tbn:ANd9GcQB11oj4ddvGaEoF0KjuN9fFSIny_Zei9a1po2SRBZFJ7eKgpm8WemRK4_2fw&s'),
(39, 'Cristiano Ronaldo', 29, 43, 43, 43, 43, NULL, 'https://encrypted-tbn0.gstatic.com/images?q=tbn:ANd9GcSojfxJ0KQ3XiLReZVdUKUMa-hynSZlOXMZqYc3kRgvs1JlICaaHJtWjnAJow&s'),
(40, 'Cyril Thereau', 25, 73, NULL, NULL, NULL, NULL, 'https://encrypted-tbn0.gstatic.com/images?q=tbn:ANd9GcQINr5kyac0N7NQEoD5DC7mJ47pun0Xf8tuXK-Us1gTw3aTKiaGVThYD8UwDg&s'),
(41, 'Daniel Didavi', 23, NULL, 93, NULL, NULL, NULL, 'https://encrypted-tbn0.gstatic.com/images?q=tbn:ANd9GcRaUn-AKbFVR_4CLvsqcJ5qkMZddhDfNoQx0D8kTJcBZZ8OL13HWGCry-ZicQ8&s'),
(42, 'Danny Ings', 35, NULL, NULL, NULL, 82, NULL, 'https://encrypted-tbn0.gstatic.com/images?q=tbn:ANd9GcSK2rd4YU8ZcvRTcXPamaFdIRFvkorjvMotLPDMqlIPFnXcXNh4YgpmPrbZ-gc&s'),
(43, 'Dario Benedetto', 24, NULL, NULL, NULL, 57, NULL, 'https://encrypted-tbn0.gstatic.com/images?q=tbn:ANd9GcT9AgWLnGagKLD2UP4RqJ1Aallr5v3w0D-39M6QsPkKuuM1LCmbjnb8fPfQkA&s'),
(44, 'Davie Selke', 21, NULL, 86, NULL, NULL, NULL, 'https://encrypted-tbn0.gstatic.com/images?q=tbn:ANd9GcR-XLL4Xc-KFugJSHGkN2gl7HP9g0KgZuEWkx43lGntcwWJhRB6rnqf-insMw&s'),
(45, 'Dele Alli', 29, 88, NULL, NULL, NULL, NULL, 'https://encrypted-tbn0.gstatic.com/images?q=tbn:ANd9GcSLr_DVwalrToOwPfdzamLIr3SpNy3Spokp8E0Y2-jrwPDHyxnCcdueMSHIoPc&s'),
(46, 'Denis Bouanga', 21, NULL, NULL, NULL, 83, NULL, 'https://encrypted-tbn0.gstatic.com/images?q=tbn:ANd9GcR60AmK77wncTkfOUszrVxoWZHlVmRkwI1aWS9i2tIZnH7h7UU1Fr_Wipm8crY&s'),
(47, 'Diego Costa', 26, 6, NULL, NULL, NULL, NULL, 'https://encrypted-tbn0.gstatic.com/images?q=tbn:ANd9GcT3TiS2qI_fBfl1qjRaMrbdZn_sHzMa5lalbLId6fK7DRLIlEzaA8eJ006ZxPc&s'),
(48, 'Diego Falcinelli', 28, 24, NULL, NULL, NULL, NULL, 'https://encrypted-tbn0.gstatic.com/images?q=tbn:ANd9GcRXJ3gcnXpmRIDm48kiTkMxiWec33DrSBGcy8Aw8yPRq8ZzP4RlOhqIQI724ws&s'),
(49, 'Dimitri Payet', 24, NULL, NULL, NULL, 57, NULL, 'https://encrypted-tbn0.gstatic.com/images?q=tbn:ANd9GcR4VxfA5mCk6NnbG0Vjl4qb0PDMypnyUtdNyMGccs627IiFoqN-731tVJtXLA&s'),
(50, 'Domenico Berardi', 20, NULL, NULL, NULL, 76, NULL, 'https://encrypted-tbn0.gstatic.com/images?q=tbn:ANd9GcST-d3NHfRbA5Gyx4LHjaI9ck_UgnDQGnp6GSDvwb05YfYAOwG8b4NbXphUDP8&s'),
(51, 'Dominic Calvert-Lewin', 32, NULL, NULL, NULL, 29, 29, 'https://encrypted-tbn0.gstatic.com/images?q=tbn:ANd9GcQVaEy6tAjFf5YYqS4wCrtdxhSH47h8M6DehExZf9YQBinX8b0RM_BYgw3iRSo&s'),
(52, 'Dries Mertens', 26, 63, 63, 63, NULL, NULL, 'https://encrypted-tbn0.gstatic.com/images?q=tbn:ANd9GcSk0X6AXd9RP-HDikT1tM7S6WdWVf9pmWYpGBJk1dIKzrMA-lrEXqefplJ2Uoo&s'),
(53, 'Duvan Zapata', 24, NULL, 5, 5, 5, NULL, 'https://encrypted-tbn0.gstatic.com/images?q=tbn:ANd9GcQjY7sPt8TjZ7cwlphd43ffMlG9qF-cqPOGAgiaBVCHY0-qdjT3ky4q_IxHJw&s'),
(54, 'Eden Hazard', 26, 73, NULL, 73, NULL, NULL, 'https://encrypted-tbn0.gstatic.com/images?q=tbn:ANd9GcQCu08d1TJARyHd-5Qmk6XCcdcaAPJdG6RRIhuCEnCtphOdk5IV-kA29By40ME&s'),
(55, 'Edin Dzeko', 27, 74, 74, 74, 74, NULL, 'https://encrypted-tbn0.gstatic.com/images?q=tbn:ANd9GcSLpe14q7aPsL0ljzL6eTppsttFz6PjEIC_zbMXCd9z468A70VxwzH95vscYw0&s'),
(56, 'Edinson Cavani', 22, NULL, NULL, 59, NULL, NULL, 'https://encrypted-tbn0.gstatic.com/images?q=tbn:ANd9GcQSHO8-fWBmlGT6pSI7sEQoa_YQL32Sl_IAmjkn6u740XVghvf2vXFbq7WXtYQ&s'),
(57, 'Emil Forsberg', 30, 71, NULL, NULL, NULL, NULL, 'https://encrypted-tbn0.gstatic.com/images?q=tbn:ANd9GcTQPqwyu-z_Qq2q-VYqM2S4B-1uC9TWKy6195tEaYJacKqgstA-XbXzX0IDxQ&s'),
(58, 'Emiliano Sala', 26, NULL, NULL, 18, NULL, NULL, 'https://encrypted-tbn0.gstatic.com/images?q=tbn:ANd9GcRolZQK-ftAFBNc1_gbVfT2NCZESJkHJ8aTk_g7YjXqnsDYwZm-sz63iJpG-qI&s'),
(59, 'Erling Haaland', 31, NULL, NULL, NULL, 25, NULL, 'https://encrypted-tbn0.gstatic.com/images?q=tbn:ANd9GcS0GO-iVVQfOZI7MTL9MA8Vasus1Rjs1jHstYKrKk_nuBogEEQh69W8ST8N-YA&s'),
(60, 'Fabio Quagliarella', 34, 75, 75, 75, 75, NULL, 'https://encrypted-tbn0.gstatic.com/images?q=tbn:ANd9GcSbZtPS-Q52KpqqNY-qozmt6Kkkh9U2UDlVvsnQ-wP2Fct6vjCrlZlhuph017Q&s'),
(61, 'Falcao', 30, NULL, NULL, 33, NULL, NULL, 'https://encrypted-tbn0.gstatic.com/images?q=tbn:ANd9GcS5cBq7MubVQxhnbEXixD4452H1KNGTvLHghJloKidt8qs7xZhyQGcOM-nU-OU&s'),
(62, 'Fernando Llorente', 28, 63, NULL, NULL, NULL, NULL, 'https://encrypted-tbn0.gstatic.com/images?q=tbn:ANd9GcTLsX5Z6b5CIsr1-r5QfhmXCeYsfZkysHOo2CdKf3kNNjIo28RMufLSbjGfKg&s'),
(63, 'Fin Bartels', 30, 38, NULL, NULL, NULL, NULL, 'https://encrypted-tbn0.gstatic.com/images?q=tbn:ANd9GcSVquyd2Qjhnmcr1GTQkerXZ7OhpIgbSQP9xYv_MoghfoLyKWNOD6QOlJefFw&s'),
(64, 'Florian Niederlechner', 28, 30, NULL, NULL, 30, NULL, 'https://encrypted-tbn0.gstatic.com/images?q=tbn:ANd9GcQZcyd2hOei7DRhROEukPawumJHFEvhskzICzaLxrrRY9I4wWie5j46WeAP2ww&s'),
(65, 'Florian Thauvin', 20, NULL, NULL, 57, NULL, 57, 'https://encrypted-tbn0.gstatic.com/images?q=tbn:ANd9GcSSU5GCSu8we1iD6VmHEzBZ-UiEnSjp68nogqwfbGy4ZEDWytMzWjEuomFRQ-s&s'),
(66, 'Florin Andone', 29, 74, NULL, NULL, NULL, NULL, 'https://encrypted-tbn0.gstatic.com/images?q=tbn:ANd9GcTOUyVczbggUk_oe3-Y5xnJ5ydx-YHLpUiES3BAcD_1oLQMxkYHkIshg5x7bA&s'),
(67, 'Francesco Caputo', 21, NULL, NULL, 76, 76, NULL, 'https://encrypted-tbn0.gstatic.com/images?q=tbn:ANd9GcR096qIXH4_IlqqLBE3jUsYXTk9bbYOCle_p7XBeZvw16XtPhXRmMwMibcz0w&s'),
(68, 'Francois Kamano', 25, NULL, NULL, 54, NULL, NULL, 'https://encrypted-tbn0.gstatic.com/images?q=tbn:ANd9GcTmDbW3Ivyc9e0-yiWU66aOMusR1S9TOIjnq6uJg7YzSFZC7T0oq4r-kHCnGUA&s'),
(69, 'Gabriel Jesus', 20, NULL, NULL, NULL, 58, NULL, 'https://encrypted-tbn0.gstatic.com/images?q=tbn:ANd9GcRL6O2PKYVLUxht_Oywhe9TlrpC9VGny8UgaIS95ZJl2xRW6dnYfeNESjamW_Y&s'),
(70, 'Gael Kakuta', 29, NULL, NULL, NULL, NULL, 50, 'https://encrypted-tbn0.gstatic.com/images?q=tbn:ANd9GcTZMSveQUH4FPb4A5NhKRAxSVGpN48urV49O_msyUw9SR55Qn0uibVsA0FcKRc&s'),
(71, 'Gaetan Laborde', 30, NULL, NULL, 61, NULL, NULL, 'https://encrypted-tbn0.gstatic.com/images?q=tbn:ANd9GcRZW3dQesL79W6SlVVg6BE6j9RZpSvFODjP7QFVu3_Gr_fkLN6sUxPht5Bjsw&s'),
(72, 'Gareth Bale', 25, NULL, 88, NULL, NULL, NULL, 'https://encrypted-tbn0.gstatic.com/images?q=tbn:ANd9GcS6Q58gVEHrSqP4pEFEJoMej9gIo1O5l4-YAslfiakdN4FszJ8RNcKJEOUikA&s'),
(73, 'Gerard Moreno', 30, 94, 94, NULL, 94, NULL, 'https://encrypted-tbn0.gstatic.com/images?q=tbn:ANd9GcTCvv4vb0BfRDPcuHBIy_yJv45XiUD9Kw_uxUJrj4ul0NLAAriLVPPxLP9sGA&s'),
(74, 'Gervinho', 21, NULL, NULL, 68, NULL, NULL, 'https://encrypted-tbn0.gstatic.com/images?q=tbn:ANd9GcTSrv5MiUhgS1XeFMS6ISblElSAvlsNxFhr0J4KzLNWPS2_Kr9QEYWPJnv8HA&s'),
(75, 'Gianluca Lapadula', 23, NULL, NULL, NULL, 9, NULL, 'https://encrypted-tbn0.gstatic.com/images?q=tbn:ANd9GcRNy5x9mi09X8JloiM-3YYkfzJqD9r7A3sDiKjO7gASCc2O8SmtOOkEzUPLl_w&s'),
(76, 'Giovanni Simeone', 20, 19, 19, NULL, 19, NULL, 'https://encrypted-tbn0.gstatic.com/images?q=tbn:ANd9GcRYkRqoWC-11nzLUvzoTSpThSS_-312gbSOfbP92dp5flNXqm2UzdchW8EEjA&s'),
(77, 'Glenn Murray', 22, NULL, NULL, 95, NULL, NULL, 'https://encrypted-tbn0.gstatic.com/images?q=tbn:ANd9GcQk5ZPeJGHxa_UV2IHbXnIZUgYetEpQDZ0xjmzqmyfBW08nzuCxQLZ2h_Fesg&s'),
(78, 'Gonzalo Higuain', 24, 41, 41, NULL, NULL, NULL, 'https://encrypted-tbn0.gstatic.com/images?q=tbn:ANd9GcRcaxyPMZQj-e2E93XPURMnGAK_yzWKYkUiKZfVjMkQ1OAfuz5Dxw6DpgU5CA&s'),
(79, 'Gregoire Defrel', 24, 76, NULL, 76, NULL, NULL, 'https://encrypted-tbn0.gstatic.com/images?q=tbn:ANd9GcQeUqghiNqnCgsCBr3d4IY9knMfCbcM5MlciQZTH0tv_mpd3_W3QZ60hWFbesE&s'),
(80, 'Guido Burgstaller', 25, 84, 84, NULL, NULL, NULL, 'https://encrypted-tbn0.gstatic.com/images?q=tbn:ANd9GcQtlFlftR6nv4JKA5AFTQTh7K3z3bLeba2GlNmviE89kt-M3US0Bml3y27Lig&s'),
(81, 'Gylfi Sigurdsson', 26, NULL, NULL, 29, NULL, NULL, 'https://encrypted-tbn0.gstatic.com/images?q=tbn:ANd9GcQ6cvQGtlEZkk4eodvqcJILRiNWx-pCLIjIoOgm3w3lOpxYUFFU_veDCSFFug&s'),
(82, 'Habib Diallo', 26, NULL, NULL, NULL, 85, NULL, 'https://encrypted-tbn0.gstatic.com/images?q=tbn:ANd9GcRCqr9BSepsAJOA7kPzOpA1scXQ8BQ7ZrXJ5qCbiVc7o7qcEWgKeeFUHvrTYmk&s'),
(83, 'Harry Kane', 32, 88, NULL, 88, 88, 88, 'https://encrypted-tbn0.gstatic.com/images?q=tbn:ANd9GcQpZYOJNVy9pOaZYrGbZ_O7-HX2KXxB3fZGEs5KYO2QSycwIAZbwIyv4u_hfw8&s'),
(84, 'Iago Aspas', 22, 21, 21, 21, 21, 21, 'https://encrypted-tbn0.gstatic.com/images?q=tbn:ANd9GcQAMRMPXz_AUBjVjy8bVimG4MtWO5y_pvU6qSViSvpQ9oF6GkgSY-B8Rnmrqw&s'),
(85, 'Iago Falque', 26, 9, 9, NULL, NULL, NULL, 'https://encrypted-tbn0.gstatic.com/images?q=tbn:ANd9GcS5nn5bOzi3fkWYO80ljdto0X8uIaX8hc9ARhvLgvpTu-7Nmt-1LobqzY-eLQ&s'),
(86, 'Inaki Williams', 27, NULL, NULL, 11, NULL, NULL, 'https://encrypted-tbn0.gstatic.com/images?q=tbn:ANd9GcTOcLDwCFEd6n7Iv4Lw4GdWTDY1YHDQmIhX8y0ACP4mTsCL7AekeV72sSTIl4U&s'),
(87, 'Isco', 29, 73, NULL, NULL, NULL, NULL, 'https://encrypted-tbn0.gstatic.com/images?q=tbn:ANd9GcTDmNgzWyr8MPD8mPxBKqHfV0SdYakliMa5GdZ8HKyyY04m-4PjGHrDOQHBLQ&s'),
(88, 'Ishak Belfodil', 24, NULL, NULL, 39, NULL, NULL, 'https://encrypted-tbn0.gstatic.com/images?q=tbn:ANd9GcTf3IUcFTOPzQLFzQyZ_hQ_zIpTMLIATccsT1eQgr_Qk9dg8971Y5mEYi3OkQ&s'),
(89, 'Islam Slimani', 22, NULL, NULL, NULL, 49, NULL, 'https://encrypted-tbn0.gstatic.com/images?q=tbn:ANd9GcRjPPWU64gfwsFZ9lpsZVnH9zqOaOkWrChXzkqeLVZXvgjPPyESQsmvwnPNeA&s'),
(90, 'Ivan Perisic', 27, NULL, 42, NULL, NULL, NULL, 'https://encrypted-tbn0.gstatic.com/images?q=tbn:ANd9GcQo2r7ODudYK7mWEXjZ_HvoAcX90u24fSTLd6eKo_R2pfxQIdua11-fFovGkA&s'),
(91, 'Jadon Sancho', 26, NULL, NULL, 25, 25, NULL, 'https://encrypted-tbn0.gstatic.com/images?q=tbn:ANd9GcSh5UQrCgkEhp-XIpTz_nPPs7RhcZOV49jFF3WS9bJwC51yiY-tpDNhk1dTuns&s'),
(92, 'Jaime Mata', 24, NULL, NULL, 34, 34, NULL, 'https://encrypted-tbn0.gstatic.com/images?q=tbn:ANd9GcT7Zv33gYFhjL0xfgvcg2VLwKVIQWU_LYjD5IFt6dEYyZhLt1f1n-mzRNn-Kg&s'),
(93, 'James Ward-Prowse', 24, NULL, NULL, NULL, NULL, 82, 'https://encrypted-tbn0.gstatic.com/images?q=tbn:ANd9GcSOlJJAjTR5347tvRjlfz7gSM8zyZpKQDLVNbxf2a9cc5B0yXiabbEnthR4Y-k&s'),
(94, 'Jamie Vardy', 28, 49, NULL, 49, 49, NULL, 'https://encrypted-tbn0.gstatic.com/images?q=tbn:ANd9GcTjE4VbyP2rtQiyg4qOrNVwy4eNeTKH8bcPPzJSHE9q4pJWxZgzHr5qs8nzxA&s'),
(95, 'Jarrod Bowen', 25, NULL, NULL, NULL, NULL, 95, 'https://encrypted-tbn0.gstatic.com/images?q=tbn:ANd9GcTjzdxCGWfMeZNjAN3KFVLDFBJHx3WDHK7ThTd-aHrgoKPswfwd0G367LBxE6U&s'),
(96, 'Jean-Kevin Augustin', 26, NULL, 62, NULL, NULL, NULL, 'https://encrypted-tbn0.gstatic.com/images?q=tbn:ANd9GcQmoMViwvLuqYEJPwN0qsXwfYhfOktphLrj-0uXtgNhfFVQqGnmUbt1xmcYjCg&s'),
(97, 'Jean-Philippe Mateta', 24, NULL, NULL, 56, NULL, NULL, 'https://encrypted-tbn0.gstatic.com/images?q=tbn:ANd9GcSEjps_HARs3m8XkczE9QOxnvywMdTeoM0CLdczOuOSuxIgIZepDAORGyjQKmU&s'),
(98, 'Jermain Defoe', 28, 70, NULL, NULL, NULL, NULL, 'https://encrypted-tbn0.gstatic.com/images?q=tbn:ANd9GcQiGv9ng9Y1RZ9zO90sCMchrSlX9k8p41whq8J3qKLCbj2WwwANA6ORZKu1qA&s'),
(99, 'Jhon Cordoba', 31, NULL, NULL, NULL, 16, NULL, 'https://encrypted-tbn0.gstatic.com/images?q=tbn:ANd9GcSAy2cfSzXrQgy8SFMjkijw444EfB9YUK1KlfGPUIc3qBHkrgb8HK-gTQAqg0o&s'),
(100, 'Joao Pedro', 33, NULL, NULL, NULL, 19, NULL, 'https://encrypted-tbn0.gstatic.com/images?q=tbn:ANd9GcTLz6cvv930Btg_knot2KPBGtnhksrloX2d9SsB7Z7bWN1Dw6H13N7--Fa-zg&s'),
(101, 'Jonathan Bamba', 31, NULL, NULL, 52, NULL, 52, 'https://encrypted-tbn0.gstatic.com/images?q=tbn:ANd9GcSUCVFECNENGE6fvTvELrGJIZmfnZ_6dn6tr8T6JRg1rFY2ULlW5k4jUIZVOw&s'),
(102, 'Jorge Molina', 27, NULL, NULL, 36, NULL, NULL, 'https://encrypted-tbn0.gstatic.com/images?q=tbn:ANd9GcQH-kgg09vrlt3bW_wClcRvTRdn3WBdKIE3MdfNL93HKCG9d7XaHvtYpgqsecY&s'),
(103, 'Jose CallejOn', 32, 31, 31, NULL, NULL, NULL, 'https://encrypted-tbn0.gstatic.com/images?q=tbn:ANd9GcT7w_aLnebF30lKsMwao7kxuCIAMJM447n61-gCaDldkWP9gy02MeEinol90A&s'),
(104, 'Joselu', 27, NULL, NULL, NULL, 2, NULL, 'https://encrypted-tbn0.gstatic.com/images?q=tbn:ANd9GcQkL02Z6cEcR9crydu8DAkRcZ2cw_JDjlVYLJXK41TNxR-UBjicIRY5ajBbeGg&s'),
(105, 'Joshua King', 35, 15, NULL, 15, NULL, NULL, 'https://encrypted-tbn0.gstatic.com/images?q=tbn:ANd9GcRy6ppman2sE3vzgKjrU70R3w5Z4AfrtX51gpe4hudI1RRGhKapwB0N2Wp0uJ0&s'),
(106, 'Josip Ilicic', 25, NULL, 5, 5, 5, NULL, 'https://encrypted-tbn0.gstatic.com/images?q=tbn:ANd9GcS3kaLmAH2bwvltbnu9mYEStkLnLS2qgZqnZS9fvJzbbSu6J4psTg-20t1glA&s'),
(107, 'Juanmi Callejon', 24, 10, NULL, NULL, NULL, NULL, 'https://encrypted-tbn0.gstatic.com/images?q=tbn:ANd9GcSIJ7zoBwUooKZHxV_rgKDy3d2Vk8Ja4T9zP6oAuElSoPmY4Gy3DFwIaMSdDLQ&s'),
(108, 'Julian Brandt', 31, NULL, 25, NULL, NULL, NULL, 'https://encrypted-tbn0.gstatic.com/images?q=tbn:ANd9GcTn5S3vdKmsezRUgI2JfRzjOq4wA4xCw_ZvxkQ9-u5EEBrYiNrwTPVtYFjGm98&s'),
(109, 'Kai Havertz', 35, NULL, NULL, 22, 22, NULL, 'https://encrypted-tbn0.gstatic.com/images?q=tbn:ANd9GcQkalV6LsZKEruRPGsimUtI_4I3NIEZmAkZf8k7bqfWcqy6OuK4k0ezHuqT_6M&s'),
(110, 'Karim Benzema', 28, 73, NULL, 73, 73, NULL, 'https://encrypted-tbn0.gstatic.com/images?q=tbn:ANd9GcTzSWw4mzqDnJDLvZNpyyuFAR-k3T9F9BeNpr2PpP4P5YFOI1P-Sii5jgav9_s&s'),
(111, 'Kasper Dolberg', 24, NULL, NULL, NULL, 65, NULL, 'https://encrypted-tbn0.gstatic.com/images?q=tbn:ANd9GcRTXKloOsDuKB0YRTm9JjJzGsadI5E9TRiOn5JDQo5j9_o9PI3zKFiX3BL9IpM&s'),
(112, 'Keita Balde', 26, 75, NULL, NULL, NULL, NULL, 'https://encrypted-tbn0.gstatic.com/images?q=tbn:ANd9GcSrddNrDXw5gw1LzY1CPvs8ubcT3zNurZ9VmEdF-rh11ZmCUBgxAFH_b2qIueE&s'),
(113, 'Kevin De Bruyne', 18, NULL, NULL, NULL, 58, NULL, 'https://encrypted-tbn0.gstatic.com/images?q=tbn:ANd9GcTlXnYZcUmNVrfanxkyE1bT_C9vrNwGLhzHMBSlEkyiu3dM2QTau8aAgAzImQ&s'),
(114, 'Kevin Gameiro', 29, 91, NULL, NULL, NULL, NULL, 'https://encrypted-tbn0.gstatic.com/images?q=tbn:ANd9GcRcMj0ck1fyurx7ZTsCzKQc--5fv4LMl60APsMaxBs4hUd5idxznsNWUz0CCQ&s'),
(115, 'Kevin Lasagna', 31, NULL, 89, NULL, NULL, NULL, 'https://encrypted-tbn0.gstatic.com/images?q=tbn:ANd9GcS8reiuxMNQD5_h70598YQASa4_NXgqID-1iEropiqvW-GLPndpHWW7yg3vJWw&s'),
(116, 'Kevin Volland', 21, NULL, 60, 60, 60, NULL, 'https://encrypted-tbn0.gstatic.com/images?q=tbn:ANd9GcQvUIkIsnIKPxbAZj3RNaLLfFLjCFa523OsCwaSe_HvML8-fIdyuZS7vc3pS6s&s'),
(117, 'Krzysztof Piatek', 26, NULL, NULL, 16, NULL, NULL, 'https://encrypted-tbn0.gstatic.com/images?q=tbn:ANd9GcT4BVzYcwESug8lJGRDaAA7HF0uOV2Iy2R6d7SlxnJn08VgRym3RYfOkFuWEA8&s'),
(118, 'Kylian Mbappe-Lottin', 30, NULL, NULL, 69, 69, NULL, 'https://encrypted-tbn0.gstatic.com/images?q=tbn:ANd9GcTHoPrLiD1rH7GvF-T0aa4EK6jKMqqx_Xb-t5dfU3DY2FfND60Vo4GkxU6GZQ&s'),
(119, 'Lars Stindl', 30, 12, NULL, NULL, 12, NULL, 'https://encrypted-tbn0.gstatic.com/images?q=tbn:ANd9GcS0VK_xnY9SC6s7F6sYyBGdXC6Ydg2CXs8ARqtQhvEBoMMfCk6Dcy9F1GfHoNc&s'),
(120, 'Lautaro Martrinez', 23, NULL, NULL, NULL, 42, NULL, 'https://encrypted-tbn0.gstatic.com/images?q=tbn:ANd9GcQ6wZ-NqadxSMPMcL2t-UlwYgNvj8vtSNJkgov8EDBB6xUMWMMiIyeQHZnAFIc&s'),
(121, 'Lebo Mothiba', 19, NULL, NULL, 85, NULL, NULL, 'https://encrypted-tbn0.gstatic.com/images?q=tbn:ANd9GcSlaQWZ3N6cwVX1hKrZA66uCAdrZWZmohMHG4dzYZM2NoJKQiykbBesR7gpPg&s'),
(122, 'Leon Bailey', 22, NULL, 51, NULL, NULL, NULL, 'https://encrypted-tbn0.gstatic.com/images?q=tbn:ANd9GcSWuJTa9gp3I9Wr07sB3dvXnTdpUoYHVEQFRz3UgbHqVEi8AjbR-FLSmz4sNGk&s'),
(123, 'Leonardo Pavoletti', 29, NULL, 19, 19, NULL, NULL, 'https://encrypted-tbn0.gstatic.com/images?q=tbn:ANd9GcR5nG54vdZ7c9ySdqTc_3eXn4jDfbNoQ-lt5nVY52vaTdaqviipQE20VYMSYQs&s'),
(124, 'Lionel Messi', 27, 7, 7, 7, 7, NULL, 'https://encrypted-tbn0.gstatic.com/images?q=tbn:ANd9GcSPoOXLY2lIegvpRXJulLOVzGeeFz8AiX45RKAMPfYe5BCoaJJM_iJKiQQI6w&s'),
(125, 'Loren Moron', 23, NULL, NULL, NULL, 10, NULL, 'https://encrypted-tbn0.gstatic.com/images?q=tbn:ANd9GcRUAfQMLrKBw-bPGJIlrVD7dZ7Mjoz1K9Hu1aHCTh2ejCaCZqmrTtC75UhVbA&s'),
(126, 'Lorenzo Insigne', 29, 63, NULL, 63, NULL, NULL, 'https://encrypted-tbn0.gstatic.com/images?q=tbn:ANd9GcToTtyn9F_kRGF62ASvTowR5j_v0CzK6X8XcykFoYzDFhDoGwOVphkCdrqoHxU&s'),
(127, 'Lucas Ocampos', 25, NULL, NULL, NULL, 79, NULL, 'https://encrypted-tbn0.gstatic.com/images?q=tbn:ANd9GcQMxKO-VOBWD_UxBF6Dtomz507gY98LQ1ovuBkUYlpmvaUTN-OxR-zbFEMBCR4&s'),
(128, 'Lucas Perez', 30, NULL, NULL, NULL, 2, NULL, 'https://encrypted-tbn0.gstatic.com/images?q=tbn:ANd9GcTqaulr5GOoTNqCGdjJZ3KPEeW1_UkXNpafAu9MqCPeuPL8gTcWahA78VSEVck&s'),
(129, 'Ludovic Ajorque', 30, NULL, NULL, NULL, 85, 85, 'https://encrypted-tbn0.gstatic.com/images?q=tbn:ANd9GcTCWdi0KOvUXc7EBDC6vOTItQGB3O5Bwo_s7EWL4_4thAbhsbRxs8oUp3uMCg&s'),
(130, 'Ludovic Blas', 24, NULL, NULL, NULL, NULL, 62, 'https://encrypted-tbn0.gstatic.com/images?q=tbn:ANd9GcRj4o5u5TkSiWTZRKw83fHqN77CpX9t3iFz0tQsReVum9SZohrvd9F7xOENrw&s'),
(131, 'Luis Alberto', 21, NULL, 46, NULL, NULL, NULL, 'https://encrypted-tbn0.gstatic.com/images?q=tbn:ANd9GcQ2oPHT1FgQq8sZ99WjzzR3MMSh-iY5Jxk6StH3gINW4BONUrc5dNYzF4aPfko&s'),
(132, 'Luis Muriel', 26, NULL, NULL, NULL, 5, NULL, 'https://encrypted-tbn0.gstatic.com/images?q=tbn:ANd9GcSfn_kHo3qclO_o30aTgwio_lEmpNfnJl8CgK74tQCkpCatv3tEATbb0ELSMgQ&s'),
(133, 'Luis Suarez', 30, 6, 6, 6, 6, NULL, 'https://encrypted-tbn0.gstatic.com/images?q=tbn:ANd9GcRXs_rGb0VjwCVcgvsd0XZe4xogA4HD8O9-gexWc4vSwHuKGMAeq4ee2GL0ciQ&s'),
(134, 'Luka Jovic', 23, NULL, NULL, 73, NULL, NULL, 'https://encrypted-tbn0.gstatic.com/images?q=tbn:ANd9GcTqfAgh94283v3woWbVPmoKBCyGge-Tp32gegP6IXtmYXmMvsa9JyNYbagyIA&s'),
(135, 'Luka Milivojevic', 26, NULL, NULL, 23, NULL, NULL, 'https://encrypted-tbn0.gstatic.com/images?q=tbn:ANd9GcSmohwXVhSKlRlqRtdijuzBcnCkKGcnUmLfEOV7WDk2LgKwrTaHbeluSEqs_2Q&s'),
(136, 'M\'Baye Niang', 25, 5, NULL, NULL, NULL, NULL, 'https://encrypted-tbn0.gstatic.com/images?q=tbn:ANd9GcRb8s2qbKLJ4IbyYJxOGdE5IkIu9NMBlw2vib82Kv96J1-L3htGtETRNgwKGA&s'),
(137, 'Marco Borriello', 29, NULL, NULL, NULL, 47, NULL, 'https://encrypted-tbn0.gstatic.com/images?q=tbn:ANd9GcSSkVTIr-G8x4rVfUxEz1YosjjPEw55Fdb0aXuuUQUAZjazMODT2KokFbzmPuI&s'),
(138, 'Marco Mancosu', 23, NULL, NULL, 25, 25, NULL, 'https://encrypted-tbn0.gstatic.com/images?q=tbn:ANd9GcR-3L0DcSyJSsWW9u6oioSLojOyeUp4PhA75nPywLvFcwyHf1ORICoB9pWdb1w&s'),
(139, 'Marco Reus', 23, NULL, NULL, NULL, 59, NULL, 'https://encrypted-tbn0.gstatic.com/images?q=tbn:ANd9GcQdlvfZOMpGh7FSTZRaDKfTv3YOxDDVzI7y8RPZQzarS1A8w_YYlpo8Z3TRRA&s'),
(140, 'Marcus Rashford', 22, NULL, NULL, NULL, 12, NULL, 'https://encrypted-tbn0.gstatic.com/images?q=tbn:ANd9GcRsZlOPK82Xcc_xVzaXiuFEJDyy56eBtNHn1o3-TkPIBk37nWqJsGDyjiGpTs8&s'),
(141, 'Marcus Thuram', 21, 8, NULL, NULL, NULL, NULL, 'https://encrypted-tbn0.gstatic.com/images?q=tbn:ANd9GcTls0SxrR9w1Jrn2rPWMNIDcaZhfw4Cg9Cxfm8z5hgULphL9FtaItqNQ_AOGEA&s'),
(142, 'Mario Gomez', 29, NULL, NULL, 43, NULL, NULL, 'https://encrypted-tbn0.gstatic.com/images?q=tbn:ANd9GcQknopadl9sLi-IKoQ3yRNlzRaHT82L3kfg62-zIZy3uVOMh3Q32-uAFIC3Hpc&s'),
(143, 'Mario Mandzukic ', 26, NULL, 78, NULL, NULL, NULL, 'https://encrypted-tbn0.gstatic.com/images?q=tbn:ANd9GcQUqPyVSBzSzO4ivVkEwrm7Y2f3bgA1Bvt6f-vEzmO1NWdlzHzFjEhrtFSEmQk&s'),
(144, 'Mark Uth', 27, 69, 69, 69, 69, NULL, 'https://encrypted-tbn0.gstatic.com/images?q=tbn:ANd9GcSyRr-m_psVi3wEkLV1vBVCDR-HNpa4scvu9aoBLeJgappQVA-Lm1qOdG6l7A&s'),
(145, 'Mauro Icardi', 26, NULL, NULL, 80, NULL, NULL, 'https://encrypted-tbn0.gstatic.com/images?q=tbn:ANd9GcSaWXTsOodu_0tpO9JThfHD20V8ymvfzvqNJcEsDMQ3VjTv8Enbtd8jfFJMfe0&s'),
(146, 'Max Gradel', 25, 90, NULL, 90, NULL, NULL, 'https://encrypted-tbn0.gstatic.com/images?q=tbn:ANd9GcQRBfTW8i23uKqiH2Nykz0gDlw064790itlZ09vFt__QI330zHzd3DOvYcNMeA&s'),
(147, 'Max Kruse', 25, NULL, 91, 91, NULL, NULL, 'https://encrypted-tbn0.gstatic.com/images?q=tbn:ANd9GcTI24TvZd8F136kof94_1GAy1o1wnsTXZFPocG6bPgnWlH8pX_tegSJozwqHVg&s'),
(148, 'Maxi Gomez', 27, 96, NULL, NULL, NULL, NULL, 'https://encrypted-tbn0.gstatic.com/images?q=tbn:ANd9GcQARgpI-qZrQjMEetA0y7PUvV7UKpDz1-w9yr0BLwkWRs6r50yr4qWRoVJYXQ&s'),
(149, 'Maximilian Philipp', 28, NULL, NULL, 72, 72, NULL, 'https://encrypted-tbn0.gstatic.com/images?q=tbn:ANd9GcTn4NDRPmQs9-irJ7rxFUAPJF5vhNRget8ZTqFuNpUg6Ya7eQmZQDgMRFrm55Y&s'),
(150, 'Memphis Depay', 25, NULL, NULL, 55, 55, NULL, 'https://encrypted-tbn0.gstatic.com/images?q=tbn:ANd9GcRi3_-zr8fUn5Doev64AJ_-7UNK1k5kkJjvhyseJJ0kFjfSmLF5vhj_MGWG4lk&s'),
(151, 'Michael Gregoritsch', 25, NULL, 30, NULL, NULL, NULL, 'https://encrypted-tbn0.gstatic.com/images?q=tbn:ANd9GcTRchNkBSkH4UWCachf950hn-DRv3dPS4gsBiUvpKD4qhm1e7TYCBBs5nIMyg&s'),
(152, 'Michail Antonio', 25, 95, NULL, NULL, NULL, NULL, 'https://encrypted-tbn0.gstatic.com/images?q=tbn:ANd9GcQMXFwQIJugh4nOHvTsmGYHnWObSL3SswVGelQybC1MZrN9mB3lB-3aFyxnpZA&s'),
(153, 'Mikel Oyarzabal', 26, NULL, 81, 81, 81, NULL, 'https://encrypted-tbn0.gstatic.com/images?q=tbn:ANd9GcRAXPO4fbV8GDZmuMC3Qkk-5OpaqmRNljgrIIIVThzafUDwy0LI-pp5eGu9ktg&s'),
(154, 'Mirco Antenucci', 23, NULL, 7, NULL, NULL, NULL, 'https://encrypted-tbn0.gstatic.com/images?q=tbn:ANd9GcSfGBphhMAL8F0Tgk7E1NnfpVn50OFygd1GaqV9cSlDrUAuyw9yjnecPCPcWck&s'),
(155, 'Mohamed Salah', 26, 53, NULL, 53, 53, NULL, 'https://encrypted-tbn0.gstatic.com/images?q=tbn:ANd9GcS3mBtK9LnGexJFFvCJfJ5La8Gr3h1TgHjJcy5s6Q_PNjovHK0dyGRkRBUPg8U&s'),
(156, 'Morales', 31, NULL, 51, 51, NULL, 51, 'https://encrypted-tbn0.gstatic.com/images?q=tbn:ANd9GcQPJUrehczvCtntj4R5JsgzyQuWzRbA7wGeh-SUzC1H1t5xZlJJ6WBP458OqO4&s'),
(157, 'Morata', 23, 43, NULL, NULL, 43, NULL, 'https://encrypted-tbn0.gstatic.com/images?q=tbn:ANd9GcSyBjowytFuyAG86GY5hxlPBgIh7DUut5mbVcAqME-qs-RMY1Bz7nP-OgbsxPc&s'),
(158, 'Moussa Dembele', 28, NULL, NULL, 55, 55, NULL, 'https://encrypted-tbn0.gstatic.com/images?q=tbn:ANd9GcQyAdPoS_swGfrbOkk779d3VtULwI3x5k1L_of0EdwTVItsnkBCA2VtXiMqTjg&s'),
(159, 'Munir', 29, NULL, 79, NULL, NULL, NULL, 'https://encrypted-tbn0.gstatic.com/images?q=tbn:ANd9GcRJAsCFybJ0dr36jPxySeVZ98AKOSxgE10XKuVGultXrEQfLY_mIplqIt9UODg&s'),
(160, 'Neymar', 34, 69, NULL, 69, 69, NULL, 'https://encrypted-tbn0.gstatic.com/images?q=tbn:ANd9GcSGrvQQAyWanonF5ApZYjg3ymA3utg61xCHYF-CtN04Jjhf4lHafwXZ2RlcBw&s'),
(161, 'Niclas Fullkrug', 24, NULL, 86, NULL, NULL, NULL, 'https://encrypted-tbn0.gstatic.com/images?q=tbn:ANd9GcQV82Oj7dqPyo8eiZC3_bvELPZBMfWsSX4tnUPKaCPUdZVOgFAQjhHIemUY7g0&s'),
(162, 'Nicolas Pepe', 32, NULL, NULL, 4, NULL, NULL, 'https://encrypted-tbn0.gstatic.com/images?q=tbn:ANd9GcTCP6EIMT-Mtq3QxK0aDgjHLXEhtGPsoDFzRUta_IXQb14YZcJjUeDviwJSvw&s'),
(163, 'Nikola Kalinic', 24, 92, NULL, NULL, NULL, NULL, 'https://encrypted-tbn0.gstatic.com/images?q=tbn:ANd9GcQHh8tGDOQ4dXk2bimhhnCN-pemBLdlafSFsd8ry75lyspoZsjRbAfdOeufxg&s'),
(164, 'Nils Petersen', 22, NULL, 77, NULL, 77, NULL, 'https://encrypted-tbn0.gstatic.com/images?q=tbn:ANd9GcT1sCZT7ZYHAp8CMacCLQUxV8SfC8a1MBGCTyNhZskvv1sKQXtuocI9mfg-uiY&s'),
(165, 'Olivier Giroud', 33, 22, NULL, NULL, NULL, NULL, 'https://encrypted-tbn0.gstatic.com/images?q=tbn:ANd9GcQTcm6ppFmCv3QON_xOG0AQOhav7IURjepHdH17iLav_cfAusO-SbjD-IJB_A&s'),
(166, 'Ondrej Duda', 19, NULL, NULL, 44, NULL, NULL, 'https://encrypted-tbn0.gstatic.com/images?q=tbn:ANd9GcRl8jH4lyCuDKnLMcNuz0dmHyrm7NJleN7kxs6MgSHqWKpiTfB7XdBSFHZDNk8&s'),
(167, 'Pablo Sarabia', 36, NULL, NULL, 69, NULL, NULL, 'https://encrypted-tbn0.gstatic.com/images?q=tbn:ANd9GcQ2oAUj8OuW730Pj61A2ieIJ6E6PBQloJEyDicDSvKlNod1JBzgsHNnqWpFFA&s'),
(168, 'Paco Alcacer', 28, NULL, NULL, 94, NULL, NULL, 'https://encrypted-tbn0.gstatic.com/images?q=tbn:ANd9GcQSqMuaAKKZVFvfxQNrqNkT9_QpHFEnshAPur82_upNS3nHG2mWgOlFbS2cqqM&s'),
(169, 'Patrick Bamford', 31, NULL, NULL, NULL, NULL, 48, 'https://encrypted-tbn0.gstatic.com/images?q=tbn:ANd9GcQOH5Od_o8a_9Zz6PiacMZC4pn6OGV6jSvZ-tWjb2A55x8SbtgSdXi-tzL-JDw&s'),
(170, 'Paul Pogba', 22, NULL, NULL, 59, NULL, NULL, 'https://encrypted-tbn0.gstatic.com/images?q=tbn:ANd9GcTTba5vGb3XSWJvlISYpyW-IPMacgkSmyvkGiNihRiGiMDJdFfI5jG9Anq4AKQ&s'),
(171, 'Paulo Dybala', 27, NULL, 43, NULL, NULL, NULL, 'https://encrypted-tbn0.gstatic.com/images?q=tbn:ANd9GcQ0c2f-cIEILRRq0V0FxSAxbJJsYvZToiHbXDCDxfdvUtAHnSoS9_pDBBc96g&s'),
(172, 'Pedro ', 29, 74, NULL, NULL, NULL, NULL, 'https://encrypted-tbn0.gstatic.com/images?q=tbn:ANd9GcSQ4srCRQtzc0jsSVs1Y9T0aA7McjbiXLAa43AsOKbSWwvNsjq3rL43GPgMmw&s'),
(173, 'Philippe Coutinho', 24, 7, NULL, NULL, NULL, NULL, 'https://encrypted-tbn0.gstatic.com/images?q=tbn:ANd9GcQHLceI9QgXhh3dzIVnJBXeIUEBqEPkcRVvYZN_3fh2_YAjhytrvhuxxeC90Jk&s'),
(174, 'Pierre-Emerick Aubameyang', 24, 4, 4, 4, 4, NULL, 'https://encrypted-tbn0.gstatic.com/images?q=tbn:ANd9GcRl2qLhQv9MaLc8kTDu_TXJ6r4DGJpJowSM1DIEYVFY6sCmyHv6yiG01neWZTE&s'),
(175, 'Portu', 19, NULL, 81, NULL, NULL, NULL, 'https://encrypted-tbn0.gstatic.com/images?q=tbn:ANd9GcQW88zzjHNsWQgkHJXTmr2ivGCwnmQ1DGjxVXvSBgdYGnEGUmHQGGqdfhCbFno&s'),
(176, 'Raheem Sterling', 30, NULL, NULL, 58, 58, NULL, 'https://encrypted-tbn0.gstatic.com/images?q=tbn:ANd9GcQXfKk2i6FhU539kKoxfAWNEoYI4SEgNbRSMYyGzcgll_kysD6xB94bgWB3Rw&s'),
(177, 'Raul de Tomas', 26, NULL, NULL, 28, NULL, NULL, 'https://encrypted-tbn0.gstatic.com/images?q=tbn:ANd9GcRHzS50ivIAgB_4ibKCrS6qL1ZGBpYf4w17_kS1I22WGvJBgUBgXUsRI6MIpBA&s'),
(178, 'Raul Garcla', 27, NULL, NULL, NULL, 11, NULL, 'https://encrypted-tbn0.gstatic.com/images?q=tbn:ANd9GcTwo7QWfz1Y_zTo16lPsjdDKOJeckOWFdsZUAGfdC7VNKWSyMDtD1RnwETPRg&s'),
(179, 'Raul Jimenez', 29, NULL, NULL, 97, 97, 97, 'https://encrypted-tbn0.gstatic.com/images?q=tbn:ANd9GcSoGNmKDeSrj0MC9oS4G0aFhf2_1Wo5bmDm4GEitjAA5ISFHbBa7RgR9MgTZA&s'),
(180, 'Remi Oudin', 31, NULL, NULL, 13, NULL, NULL, 'https://encrypted-tbn0.gstatic.com/images?q=tbn:ANd9GcQLS_CbvDfpF4EQUf4gifdsZb0qSDO9_ebkou44rwN_KvkJijPPPv5_EaN6BQY&s'),
(181, 'Richarlison', 21, NULL, NULL, 29, 29, NULL, 'https://encrypted-tbn0.gstatic.com/images?q=tbn:ANd9GcQFwClF5LOMM32iqkdcuJtye1N-Fjrz4UZgstHdy4L-F3U5ty89Lld4BYAMDw&s'),
(182, 'Riyad Mahrez', 27, NULL, NULL, NULL, 58, NULL, 'https://encrypted-tbn0.gstatic.com/images?q=tbn:ANd9GcS4G17ysL_88iiyIsBuEYXnti_sST1vILB_dJv1RUxWrGGQCmnq2Zw-3Kwx9c4&s'),
(183, 'Robert Lewandowski', 20, 8, 8, 8, 8, NULL, 'https://encrypted-tbn0.gstatic.com/images?q=tbn:ANd9GcT1ZOhnYxQYrl_N62KRYZSZR31mghMwM_E5nDLBGVd4m5MJDiv99kdZ9fDGj_I&s'),
(184, 'Roberto Firmino', 25, 53, NULL, NULL, NULL, NULL, 'https://encrypted-tbn0.gstatic.com/images?q=tbn:ANd9GcQjyLioof9ZCt17pKC7iE0F8Cn3fyy8h8w6b0T_krn-Zj2p1D8pH_lIpLRopQ&s'),
(185, 'Roberto Inglese', 25, NULL, 68, 68, NULL, NULL, 'https://encrypted-tbn0.gstatic.com/images?q=tbn:ANd9GcTWqpIpbbZxsHCJ6HuQw6iSqtG6oN4thhQZYu-QgrdNEjBXdpcXoXguoqWEoQ&s'),
(186, 'Robin Quaison', 25, NULL, NULL, NULL, 56, NULL, 'https://encrypted-tbn0.gstatic.com/images?q=tbn:ANd9GcRV0DG_d4Q2BglY_kkj9XcYy3dHlP-r5oSvlX7F1UuFwyz1HzfddH-L7_tAkLI&s'),
(187, 'Rodrigo', 28, NULL, 91, NULL, NULL, NULL, 'https://encrypted-tbn0.gstatic.com/images?q=tbn:ANd9GcQsfKxyZBmBz11RKGZtEcvTAf0ART0ATT6ufqSlqfEX47GDCvjfIjlf1Nt26yM&s'),
(188, 'Roger', 32, NULL, NULL, 51, 51, NULL, 'https://encrypted-tbn0.gstatic.com/images?q=tbn:ANd9GcTAH8bX_Oa5vTUt3dKvehfoszxQq5hiRAMNrPa3dbuoxO1LJ5rwLeiY1TvsHQ&s'),
(189, 'Romelu Lukaku', 30, 42, NULL, NULL, 42, NULL, 'https://encrypted-tbn0.gstatic.com/images?q=tbn:ANd9GcTnnchYxSda-EUj7eCzE9pnjsZJkcaqHoat1Wxg4SXCV25yZBOiHQDS-eMFKWk&s'),
(190, 'Rouwen Hennings', 21, NULL, NULL, NULL, 26, NULL, 'https://encrypted-tbn0.gstatic.com/images?q=tbn:ANd9GcQ2SmkXzHkXQe2q7O-_sg40obQ425QzfX0QmX7Aw36Gz-d1ckbcUtR8tfc_cME&s'),
(191, 'Ruben Castro', 22, 20, NULL, NULL, NULL, NULL, 'https://encrypted-tbn0.gstatic.com/images?q=tbn:ANd9GcTh5oNdS9BUk4ItSgmfnsJGk6BFZRdcYoa9RSXrLdS-vuQE25SpF0ISfJSzSQ&s'),
(192, 'Sadio Mane', 26, 53, NULL, 53, 53, NULL, 'https://encrypted-tbn0.gstatic.com/images?q=tbn:ANd9GcQuihLb8jXtGOokCRg-1LSBjfEmQRowZCWjIVnAGFntuIyTP82oJCZWm7AA79s&s'),
(193, 'Salomon Kalou', 27, NULL, 14, NULL, NULL, NULL, 'https://encrypted-tbn0.gstatic.com/images?q=tbn:ANd9GcT3HNu3mWtVkpwPcCxbXYo0s_Rf49VPc31ICftHWXeuV4MVYdpXY7l18f0QOQ&s'),
(194, 'Sandro Ramlrez', 26, 40, NULL, NULL, NULL, NULL, 'https://encrypted-tbn0.gstatic.com/images?q=tbn:ANd9GcQ3u1JdPtsOL3kOlkK4L_nESECiy-9ztfptZU_sCTA2NFQw7UKxKn1DZ_4yGQ&s'),
(195, 'Sandro Wagner', 22, 39, 39, NULL, NULL, NULL, 'https://encrypted-tbn0.gstatic.com/images?q=tbn:ANd9GcQjb9mkkhP_s59lbBK8_2EKZBT_5hqTNHnTtN70Eqq4HkI02oTVBxQwORdtnA&s'),
(196, 'Santi Cazorla', 30, NULL, NULL, NULL, 94, NULL, 'https://encrypted-tbn0.gstatic.com/images?q=tbn:ANd9GcTr4-pU2sHGe8YdiI7AXIVxbHTN0pxD8VPMeACXpu0ox8-ZDzjagFhu5KiFyPg&s'),
(197, 'Santi Mina', 30, NULL, 21, NULL, NULL, NULL, 'https://encrypted-tbn0.gstatic.com/images?q=tbn:ANd9GcTbCDISaw2U0KmCYse5FiGPKoUpupE0GiTChH152eqnF0YraXzDPGm_uxjNGA&s'),
(198, 'Sebastian Andersson', 24, NULL, NULL, NULL, 44, NULL, 'https://encrypted-tbn0.gstatic.com/images?q=tbn:ANd9GcRS_m-mWpG3nekQeu6zkvTrQtOJnxHg1aaAaAL42aENmiI5UQ9LGva33NJObw&s'),
(199, 'Sebastien Haller', 22, NULL, NULL, 95, NULL, NULL, 'https://encrypted-tbn0.gstatic.com/images?q=tbn:ANd9GcQZtdheXKfPDKl6RWvr2PdVZnlbr20ZbGuJiiuhFsh1oVdpKt8HPwDCbv-9UQ&s'),
(200, 'Sehrou Guirassy', 28, NULL, NULL, NULL, 72, NULL, 'https://encrypted-tbn0.gstatic.com/images?q=tbn:ANd9GcQmkoZ4TLLM70k25RolpAMnbsJZArmjBCqNwlyXVcagyiC0HmST3hcATcwtOg&s'),
(201, 'Serge Gnabry', 22, 8, 8, NULL, 8, NULL, 'https://encrypted-tbn0.gstatic.com/images?q=tbn:ANd9GcRTDvxsTHWGBdDMPHPxdnrlfRarDoZIzGnhr_jPU96uifIpG6pe9gNdGlMp2MQ&s'),
(202, 'Sergej Milinkovic-Savic', 26, NULL, 46, NULL, NULL, NULL, 'https://encrypted-tbn0.gstatic.com/images?q=tbn:ANd9GcSjOFNjByBTXPxi-t_E5QC6myFMfWXQsCHSM6Oq3OS3GHfjsSEMkYGPHqq7uw&s'),
(203, 'Sergi Enrich', 27, 27, NULL, NULL, NULL, NULL, 'https://encrypted-tbn0.gstatic.com/images?q=tbn:ANd9GcQxM10Ng_uyWcWZB1LpgwitZs8pD2cDbkx1B1UGf7cm33DhIkvbYceL0rovPA&s'),
(204, 'Sergio Aguero', 26, 58, NULL, 58, 58, NULL, 'https://encrypted-tbn0.gstatic.com/images?q=tbn:ANd9GcTrbqbFcn_7ECVM1Pwx-lpFHn6LlC6UQvKSCbT5z50M42Cog72hBHZKDKSu8zI&s'),
(205, 'Sergio Leon', 34, NULL, 51, NULL, NULL, NULL, 'https://encrypted-tbn0.gstatic.com/images?q=tbn:ANd9GcRbaMnoJjxNjxaq6o9kLnvQ4u4x5tHgYWHqA2aZ7kaQen3qz1UPOAJl3ddDNw&s'),
(206, 'Sergio Ramos', 28, NULL, NULL, NULL, 73, NULL, 'https://encrypted-tbn0.gstatic.com/images?q=tbn:ANd9GcTgbI4gp5hd9QCEGgLzBrdjIj9J7lu0yAnqZAfiz8atfK-CqAqTWpbZBuLmYLs&s'),
(207, 'Simone Zaza', 23, NULL, 87, NULL, NULL, NULL, 'https://encrypted-tbn0.gstatic.com/images?q=tbn:ANd9GcQsEZROQZEjnO-yFMtCC4DgbUtFabxhYn62XjtLDp-SbxtIEZoH4rasm9m-Jg&s'),
(208, 'Son Heung-Min', 24, 88, NULL, 88, 88, 88, 'https://encrypted-tbn0.gstatic.com/images?q=tbn:ANd9GcTaGw1GXfRbTkOYQysxTvg2m0eJhyUKNIU3xvF1XLuvuxj1587BKcnC84ZkcQ&s'),
(209, 'Stephan El Shaarawy', 21, NULL, NULL, 74, NULL, NULL, 'https://encrypted-tbn0.gstatic.com/images?q=tbn:ANd9GcRqvJxdGh044anfhsvx8MEuzoBIffm31DnKYA2kJjVhAgA8AjzDjk1efaoy7iQ&s'),
(210, 'Stephane Bahoken', 29, NULL, NULL, 3, NULL, NULL, 'https://encrypted-tbn0.gstatic.com/images?q=tbn:ANd9GcRbxOS2ctlS0vabD3f5TojbwGB4dupxZdEoOzJymVfgfikLJITxFbFAqhqyPUE&s'),
(211, 'Tammy Abraham', 23, NULL, NULL, NULL, 22, NULL, 'https://encrypted-tbn0.gstatic.com/images?q=tbn:ANd9GcSzDoFrgPeHLpzh9c415aYR1Sb6TdxORPy9S6kZSxaKNMZFLoLC6DB3XaYanw&s'),
(212, 'Teemu Pukki', 20, NULL, NULL, NULL, 66, NULL, 'https://encrypted-tbn0.gstatic.com/images?q=tbn:ANd9GcTs5lAErB6kxVcjjYr804auX4MZpygL0jrBqA1MESGGE4j1FAv1aN10W_5B7w&s'),
(213, 'Thorgan Hazard', 27, NULL, 25, NULL, NULL, NULL, 'https://encrypted-tbn0.gstatic.com/images?q=tbn:ANd9GcSRWmuRQDt0Tho2mZL13zNM0TQKLL3vTUWy1P5sj1OiY4QdffsuZWip3Vki9g&s'),
(214, 'Timo Werner', 28, 22, 22, 22, 22, 22, 'https://encrypted-tbn0.gstatic.com/images?q=tbn:ANd9GcQ655cuzxNDo8tnCJwTugd5dRc4JeK7Vd3ipjyG063psd52ZR2TGGREJQUwlA&s'),
(215, 'Vedad Ibisevic', 27, 78, NULL, NULL, NULL, NULL, 'https://encrypted-tbn0.gstatic.com/images?q=tbn:ANd9GcSuIAyWGwoYjR6KGoprnpumeKRRJfg7oq4_RkEjGHf8n47YFjvTe50XIDHKGMs&s'),
(216, 'Victor Osimhen', 29, NULL, NULL, NULL, 63, NULL, 'https://encrypted-tbn0.gstatic.com/images?q=tbn:ANd9GcSTq79FqIs9HXwP-Sh3LZe6PJ510tr9zspQh4c_EBeX2vjcLox6_XNyAa65Ug&s'),
(217, 'Wahbi Khazri', 27, NULL, NULL, 83, NULL, NULL, 'https://encrypted-tbn0.gstatic.com/images?q=tbn:ANd9GcRudGwp8_z8NSYYiY5ydy42bb7nl75nDhtKOVXocrld-bruxC6kxFZUgMmkjSM&s'),
(218, 'Willian Jose', 33, 81, 81, 81, 81, NULL, 'https://encrypted-tbn0.gstatic.com/images?q=tbn:ANd9GcSy0S82PyfCoh7FsAgVN8QlRar4-v8na3Z53xSx4rvnTIi4Fo8XLPCT1GqksA&s'),
(219, 'Wissam Ben Yedder', 26, 60, NULL, 60, 60, 60, 'https://encrypted-tbn0.gstatic.com/images?q=tbn:ANd9GcReUm0i_9h4tq18JVvyDz43RyuJJYfiyMIT6NTeRcyYy-gi_Fs2zrYNLD2m7Fg&s'),
(220, 'Wout Weghorst', 29, NULL, NULL, 96, 96, NULL, 'https://encrypted-tbn0.gstatic.com/images?q=tbn:ANd9GcRxXP9lzgTI3axBffozwDYtsjhz4Uabk0Wr3QaAqKmW3zX38zRiLlc9jg5SgQQ&s'),
(221, 'Yussuf Poulsen', 24, NULL, NULL, 71, NULL, NULL, 'https://encrypted-tbn0.gstatic.com/images?q=tbn:ANd9GcSXXHop3OGvRiiElBL8r0Q5wBC0gMRxB6dom_tdhYS2vlSbF1wXnPEM_UkT_uU&s'),
(222, 'Zlatan Ibrahimovic', 30, 1, NULL, NULL, NULL, NULL, 'https://encrypted-tbn0.gstatic.com/images?q=tbn:ANd9GcTbTWYi_QRO3aZE3RuJZyqaZ1VqWRkn9ox5JX6SSqF1rtVHdC9eauThY2LZdm4&s');

-- --------------------------------------------------------

--
-- Structure de la table `table_ligue`
--

DROP TABLE IF EXISTS `table_ligue`;
CREATE TABLE IF NOT EXISTS `table_ligue` (
  `ID_ligue` int NOT NULL,
  `Ligue` varchar(500) NOT NULL,
  `url_Logo` varchar(50) DEFAULT NULL,
  `url_Pays` varchar(50) DEFAULT NULL,
  PRIMARY KEY (`ID_ligue`)
) ENGINE=InnoDB DEFAULT CHARSET=utf8mb4 COLLATE=utf8mb4_0900_ai_ci;

--
-- Déchargement des données de la table `table_ligue`
--

INSERT INTO `table_ligue` (`ID_ligue`, `Ligue`, `url_Logo`, `url_Pays`) VALUES
(1, 'Premier League', '/Site/Image/P2.png', '/Site/Image/P1.png'),
(2, 'Bundesliga', '/Site/Image/B2.png', '/Site/Image/B1.png'),
(3, 'Serie A', '/Site/Image/S2.png', '/Site/Image/S1.png'),
(4, 'La Liga', '/Site/Image/LA2.png', '/Site/Image/LA1.png'),
(5, 'Ligue 1', '/Site/Image/L2.png', '/Site/Image/L1.png');

-- --------------------------------------------------------

--
-- Structure de la table `table_stats`
--

DROP TABLE IF EXISTS `table_stats`;
CREATE TABLE IF NOT EXISTS `table_stats` (
  `id_stats` int NOT NULL,
  `match_played` int DEFAULT NULL,
  `Goals` int DEFAULT NULL,
  `ration b/m` decimal(10,9) DEFAULT NULL,
  `id_stats_joueurs` int DEFAULT NULL,
  `year` int DEFAULT NULL,
  `Shots` int DEFAULT NULL,
  `OnTarget` int DEFAULT NULL,
  `Minutes*` int DEFAULT NULL,
  `id_ligue` int DEFAULT NULL,
  PRIMARY KEY (`id_stats`),
  KEY `id_ligue` (`id_ligue`),
  KEY `id_stats_joueurs` (`id_stats_joueurs`)
) ENGINE=InnoDB DEFAULT CHARSET=utf8mb3;

--
-- Déchargement des données de la table `table_stats`
--

INSERT INTO `table_stats` (`id_stats`, `match_played`, `Goals`, `ration b/m`, `id_stats_joueurs`, `year`, `Shots`, `OnTarget`, `Minutes*`, `id_ligue`) VALUES
(1, 27, 16, '0.592592593', 15, 2019, 74, 24, 2106, 5),
(2, 37, 16, '0.432432432', 1, 2019, 28, 15, 1325, 5),
(3, 36, 24, '0.666666667', 2, 2019, 50, 18, 2168, 5),
(4, 34, 26, '0.764705882', 3, 2016, 85, 45, 2480, 4),
(5, 28, 15, '0.535714286', 4, 2018, 83, 41, 2613, 2),
(6, 34, 25, '0.735294118', 4, 2019, 77, 35, 2252, 2),
(7, 36, 16, '0.444444444', 5, 2016, 117, 75, 3247, 3),
(8, 21, 13, '0.619047619', 6, 2018, 81, 28, 2670, 1),
(9, 26, 13, '0.500000000', 7, 2016, 129, 49, 3385, 1),
(10, 17, 10, '0.588235294', 8, 2017, 51, 25, 1879, 2),
(11, 20, 11, '0.550000000', 8, 2018, 40, 18, 1385, 2),
(12, 36, 15, '0.416666667', 9, 2019, 55, 21, 1694, 2),
(13, 35, 22, '0.628571429', 10, 2016, 130, 78, 3241, 3),
(14, 29, 25, '0.862068966', 10, 2017, 86, 28, 2854, 3),
(15, 31, 12, '0.387096774', 10, 2018, 125, 47, 3533, 3),
(16, 35, 18, '0.514285714', 10, 2019, 104, 41, 3214, 3),
(17, 35, 20, '0.571428571', 11, 2018, 89, 41, 3196, 3),
(18, 35, 13, '0.371428571', 11, 2019, 110, 33, 3263, 3),
(19, 28, 28, '1.000000000', 12, 2019, 46, 20, 1637, 3),
(20, 36, 16, '0.444444444', 13, 2016, 99, 60, 2449, 2),
(21, 33, 29, '0.878787879', 13, 2017, 83, 35, 2353, 2),
(22, 27, 8, '0.296296296', 13, 2018, 110, 43, 2527, 2),
(23, 35, 12, '0.342857143', 13, 2019, 43, 23, 1502, 2),
(24, 28, 15, '0.535714286', 14, 2018, 119, 36, 3263, 5),
(25, 23, 8, '0.347826087', 14, 2019, 84, 29, 2409, 5),
(26, 29, 11, '0.379310345', 14, 2020, 31, 14, 902, 5),
(27, 32, 12, '0.375000000', 15, 2018, 97, 30, 2418, 5),
(28, 37, 13, '0.351351351', 16, 2017, 68, 31, 2390, 4),
(29, 29, 12, '0.413793103', 17, 2019, 56, 22, 2923, 4),
(30, 32, 24, '0.750000000', 18, 2018, 61, 28, 2075, 2),
(31, 23, 12, '0.521739130', 18, 2019, 42, 20, 1514, 3),
(32, 17, 9, '0.529411765', 19, 2019, 80, 39, 2788, 1),
(33, 29, 29, '1.000000000', 20, 2016, 101, 53, 3075, 2),
(34, 25, 19, '0.760000000', 21, 2016, 88, 41, 3129, 4),
(35, 31, 12, '0.387096774', 21, 2017, 72, 40, 2596, 4),
(36, 18, 10, '0.555555556', 21, 2018, 113, 45, 3349, 4),
(37, 33, 13, '0.393939394', 22, 2016, 83, 52, 1882, 2),
(38, 37, 15, '0.405405405', 23, 2018, 111, 51, 2560, 3),
(39, 37, 14, '0.378378378', 23, 2019, 68, 29, 1870, 3),
(40, 31, 16, '0.516129032', 24, 2018, 65, 30, 2569, 1),
(41, 19, 11, '0.578947368', 25, 2018, 55, 27, 3099, 1),
(42, 23, 11, '0.478260870', 26, 2018, 55, 26, 1781, 2),
(43, 21, 16, '0.761904762', 27, 2018, 90, 38, 3246, 4),
(44, 21, 13, '0.619047619', 28, 2020, 28, 17, 903, 5),
(45, 29, 11, '0.379310345', 29, 2018, 65, 29, 2714, 1),
(46, 32, 37, '1.156250000', 30, 2016, 56, 39, 2228, 3),
(47, 35, 18, '0.514285714', 30, 2017, 73, 34, 2572, 4),
(48, 34, 28, '0.823529412', 31, 2019, 47, 19, 2428, 4),
(49, 30, 16, '0.533333333', 32, 2016, 50, 26, 1633, 4),
(50, 32, 16, '0.500000000', 33, 2016, 52, 30, 1895, 2),
(51, 34, 24, '0.705882353', 34, 2018, 88, 24, 2131, 4),
(52, 23, 15, '0.652173913', 35, 2019, 65, 29, 2616, 1),
(53, 23, 9, '0.391304348', 36, 2016, 105, 38, 3299, 1),
(54, 29, 11, '0.379310345', 37, 2016, 136, 98, 3294, 3),
(55, 29, 15, '0.517241379', 37, 2017, 110, 53, 2799, 3),
(56, 14, 15, '1.071428571', 37, 2018, 124, 49, 3046, 3),
(57, 30, 13, '0.433333333', 37, 2019, 142, 71, 3371, 3),
(58, 26, 15, '0.576923077', 38, 2017, 74, 37, 2785, 4),
(59, 11, 12, '1.090909091', 38, 2018, 77, 39, 2897, 4),
(60, 26, 10, '0.384615385', 39, 2016, 162, 60, 2634, 4),
(61, 28, 13, '0.464285714', 39, 2017, 178, 76, 2375, 4),
(62, 31, 31, '1.000000000', 39, 2018, 177, 68, 2857, 3),
(63, 31, 30, '0.967741935', 39, 2019, 208, 79, 3127, 3),
(64, 34, 11, '0.323529412', 40, 2016, 70, 48, 2585, 3),
(65, 36, 25, '0.694444444', 41, 2017, 55, 19, 2312, 2),
(66, 32, 13, '0.406250000', 42, 2019, 93, 37, 3009, 1),
(67, 26, 13, '0.500000000', 43, 2019, 61, 27, 2214, 5),
(68, 28, 14, '0.500000000', 44, 2017, 47, 22, 1974, 2),
(69, 30, 11, '0.366666667', 45, 2016, 95, 43, 3182, 1),
(70, 23, 11, '0.478260870', 46, 2019, 78, 37, 2173, 5),
(71, 31, 11, '0.354838710', 47, 2016, 111, 41, 3232, 1),
(72, 25, 21, '0.840000000', 48, 2016, 99, 65, 3308, 3),
(73, 23, 14, '0.608695652', 49, 2019, 63, 26, 2057, 5),
(74, 28, 21, '0.750000000', 50, 2019, 120, 46, 2654, 3),
(75, 32, 12, '0.375000000', 51, 2019, 85, 38, 2849, 1),
(76, 27, 12, '0.444444444', 51, 2020, 32, 18, 940, 1),
(77, 20, 11, '0.550000000', 52, 2016, 148, 102, 2671, 3),
(78, 27, 17, '0.629629630', 52, 2017, 128, 47, 3133, 3),
(79, 22, 12, '0.545454545', 52, 2018, 89, 39, 2416, 3),
(80, 29, 10, '0.344827586', 53, 2017, 57, 22, 2229, 3),
(81, 22, 13, '0.590909091', 53, 2018, 118, 50, 3064, 3),
(82, 26, 13, '0.500000000', 53, 2019, 89, 37, 2143, 3),
(83, 30, 19, '0.633333333', 54, 2016, 77, 32, 3101, 1),
(84, 30, 15, '0.500000000', 54, 2018, 93, 43, 3115, 1),
(85, 33, 29, '0.878787879', 55, 2016, 178, 99, 3194, 3),
(86, 32, 21, '0.656250000', 55, 2017, 152, 56, 3177, 3),
(87, 27, 26, '0.962962963', 55, 2018, 131, 50, 2741, 3),
(88, 26, 9, '0.346153846', 55, 2019, 122, 46, 3075, 3),
(89, 19, 10, '0.526315789', 56, 2018, 52, 22, 1747, 5),
(90, 35, 18, '0.514285714', 57, 2016, 49, 32, 2420, 2),
(91, 24, 11, '0.458333333', 58, 2018, 36, 18, 1434, 5),
(92, 33, 16, '0.484848485', 59, 2019, 34, 19, 1116, 2),
(93, 33, 19, '0.575757576', 60, 2016, 112, 70, 3030, 3),
(94, 20, 16, '0.800000000', 60, 2017, 113, 46, 2864, 3),
(95, 38, 16, '0.421052632', 60, 2018, 141, 57, 3269, 3),
(96, 36, 14, '0.388888889', 60, 2019, 102, 35, 2413, 3),
(97, 32, 16, '0.500000000', 61, 2018, 94, 41, 2699, 5),
(98, 24, 11, '0.458333333', 62, 2016, 52, 25, 2562, 1),
(99, 33, 22, '0.666666667', 63, 2016, 42, 29, 2315, 2),
(100, 34, 12, '0.352941176', 64, 2016, 79, 56, 2477, 2),
(101, 37, 11, '0.297297297', 64, 2019, 78, 40, 2846, 2),
(102, 14, 9, '0.642857143', 65, 2018, 101, 35, 2741, 5),
(103, 38, 10, '0.263157895', 65, 2020, 21, 8, 835, 5),
(104, 21, 11, '0.523809524', 66, 2016, 99, 42, 2984, 4),
(105, 26, 9, '0.346153846', 67, 2018, 96, 43, 3641, 3),
(106, 26, 12, '0.461538462', 67, 2019, 73, 35, 3125, 3),
(107, 30, 14, '0.466666667', 68, 2018, 82, 33, 2698, 5),
(108, 25, 9, '0.360000000', 69, 2019, 101, 46, 2209, 1),
(109, 31, 11, '0.354838710', 70, 2020, 18, 6, 786, 5),
(110, 32, 33, '1.031250000', 71, 2018, 86, 27, 3115, 5),
(111, 32, 11, '0.343750000', 72, 2017, 77, 32, 1872, 4),
(112, 32, 25, '0.781250000', 73, 2016, 82, 32, 3361, 4),
(113, 24, 14, '0.583333333', 73, 2017, 105, 47, 3555, 4),
(114, 34, 29, '0.852941176', 73, 2019, 89, 34, 2831, 4),
(115, 35, 18, '0.514285714', 74, 2018, 44, 19, 2430, 3),
(116, 30, 13, '0.433333333', 75, 2019, 61, 24, 1906, 3),
(117, 31, 12, '0.387096774', 76, 2016, 76, 35, 2764, 3),
(118, 28, 11, '0.392857143', 76, 2017, 107, 37, 3157, 3),
(119, 35, 10, '0.285714286', 76, 2019, 87, 30, 3115, 3),
(120, 28, 10, '0.357142857', 77, 2018, 54, 21, 2684, 1),
(121, 26, 14, '0.538461538', 78, 2016, 134, 91, 3138, 3),
(122, 24, 15, '0.625000000', 78, 2017, 102, 40, 2935, 3),
(123, 26, 22, '0.846153846', 79, 2016, 43, 28, 2054, 3),
(124, 16, 13, '0.812500000', 79, 2018, 47, 23, 2388, 3),
(125, 35, 11, '0.314285714', 80, 2016, 45, 24, 1494, 2),
(126, 24, 29, '1.208333333', 80, 2017, 55, 25, 2447, 2),
(127, 33, 12, '0.363636364', 81, 2018, 86, 33, 3302, 1),
(128, 31, 16, '0.516129032', 82, 2019, 83, 34, 2344, 5),
(129, 27, 12, '0.444444444', 83, 2016, 110, 58, 2636, 1),
(130, 18, 12, '0.666666667', 83, 2018, 102, 46, 2580, 1),
(131, 17, 12, '0.705882353', 83, 2019, 81, 37, 2801, 1),
(132, 20, 10, '0.500000000', 83, 2020, 39, 15, 956, 1),
(133, 33, 12, '0.363636364', 84, 2016, 78, 37, 2354, 4),
(134, 23, 11, '0.478260870', 84, 2017, 94, 43, 3053, 4),
(135, 23, 13, '0.565217391', 84, 2018, 69, 32, 2369, 4),
(136, 33, 10, '0.303030303', 84, 2019, 84, 39, 3474, 4),
(137, 28, 13, '0.464285714', 84, 2020, 21, 12, 1056, 4),
(138, 32, 15, '0.468750000', 85, 2016, 65, 42, 2633, 3),
(139, 28, 12, '0.428571429', 85, 2017, 76, 22, 2950, 3),
(140, 27, 14, '0.518518519', 86, 2018, 75, 33, 3148, 4),
(141, 17, 10, '0.588235294', 87, 2016, 32, 15, 1690, 4),
(142, 37, 15, '0.405405405', 88, 2018, 88, 36, 1965, 2),
(143, 35, 16, '0.457142857', 89, 2019, 53, 20, 1378, 5),
(144, 28, 16, '0.571428571', 90, 2017, 116, 38, 3491, 3),
(145, 36, 14, '0.388888889', 91, 2018, 40, 21, 2602, 2),
(146, 28, 12, '0.428571429', 91, 2019, 52, 28, 2387, 2),
(147, 23, 11, '0.478260870', 92, 2018, 59, 25, 2569, 4),
(148, 37, 15, '0.405405405', 92, 2019, 58, 23, 2923, 4),
(149, 27, 17, '0.629629630', 93, 2020, 10, 7, 960, 1),
(150, 26, 12, '0.461538462', 94, 2016, 54, 26, 2938, 1),
(151, 34, 12, '0.352941176', 94, 2018, 79, 38, 2886, 1),
(152, 19, 10, '0.526315789', 94, 2019, 89, 42, 3271, 1),
(153, 35, 17, '0.485714286', 95, 2020, 22, 5, 845, 1),
(154, 29, 14, '0.482758621', 96, 2017, 37, 18, 1330, 2),
(155, 20, 10, '0.500000000', 97, 2018, 97, 34, 2587, 2),
(156, 31, 15, '0.483870968', 98, 2016, 99, 31, 3511, 1),
(157, 30, 19, '0.633333333', 99, 2019, 61, 25, 2108, 2),
(158, 30, 21, '0.700000000', 100, 2019, 87, 37, 3394, 3),
(159, 23, 16, '0.695652174', 101, 2018, 67, 28, 3190, 5),
(160, 32, 23, '0.718750000', 101, 2020, 25, 9, 1061, 5),
(161, 32, 16, '0.500000000', 102, 2018, 57, 23, 2819, 4),
(162, 28, 9, '0.321428571', 103, 2016, 86, 57, 3276, 3),
(163, 20, 18, '0.900000000', 103, 2017, 64, 32, 3359, 3),
(164, 16, 12, '0.750000000', 104, 2019, 87, 30, 2990, 4),
(165, 37, 26, '0.702702703', 105, 2016, 67, 29, 2856, 1),
(166, 29, 15, '0.517241379', 105, 2018, 72, 23, 3143, 1),
(167, 30, 16, '0.533333333', 106, 2017, 89, 36, 2115, 3),
(168, 38, 16, '0.421052632', 106, 2018, 101, 38, 2262, 3),
(169, 29, 10, '0.344827586', 106, 2019, 81, 36, 1786, 3),
(170, 36, 11, '0.305555556', 107, 2016, 48, 20, 1849, 4),
(171, 27, 11, '0.407407407', 108, 2017, 43, 22, 2419, 2),
(172, 30, 13, '0.433333333', 109, 2018, 87, 42, 3033, 2),
(173, 26, 11, '0.423076923', 109, 2019, 59, 26, 2586, 2),
(174, 36, 13, '0.361111111', 110, 2016, 69, 34, 1967, 4),
(175, 27, 17, '0.629629630', 110, 2018, 104, 44, 3072, 4),
(176, 26, 20, '0.769230769', 110, 2019, 124, 59, 3207, 4),
(177, 36, 12, '0.333333333', 111, 2019, 42, 25, 1994, 5),
(178, 20, 18, '0.900000000', 112, 2016, 70, 48, 2033, 3),
(179, 26, 13, '0.500000000', 113, 2019, 99, 31, 2984, 1),
(180, 27, 14, '0.518518519', 114, 2016, 50, 23, 1745, 4),
(181, 30, 18, '0.600000000', 115, 2017, 72, 31, 2244, 3),
(182, 29, 14, '0.482758621', 116, 2017, 55, 28, 2693, 2),
(183, 35, 13, '0.371428571', 116, 2018, 87, 43, 2945, 2),
(184, 28, 14, '0.500000000', 116, 2019, 78, 32, 2159, 2),
(185, 34, 12, '0.352941176', 117, 2018, 118, 52, 3147, 3),
(186, 23, 12, '0.521739130', 118, 2018, 125, 70, 2488, 5),
(187, 33, 16, '0.484848485', 118, 2019, 87, 49, 1611, 5),
(188, 35, 21, '0.600000000', 119, 2016, 68, 50, 2673, 2),
(189, 32, 14, '0.437500000', 119, 2019, 33, 15, 1518, 2),
(190, 34, 23, '0.676470588', 120, 2019, 125, 44, 2581, 3),
(191, 24, 33, '1.375000000', 121, 2018, 36, 19, 2154, 5),
(192, 21, 10, '0.476190476', 122, 2017, 76, 27, 2317, 2),
(193, 31, 16, '0.516129032', 123, 2017, 87, 34, 2897, 3),
(194, 29, 36, '1.241379310', 123, 2018, 84, 33, 2903, 3),
(195, 24, 10, '0.416666667', 124, 2016, 179, 76, 2910, 4),
(196, 31, 21, '0.677419355', 124, 2017, 197, 95, 3123, 4),
(197, 25, 17, '0.680000000', 124, 2018, 170, 87, 2849, 4),
(198, 38, 12, '0.315789474', 124, 2019, 159, 68, 3067, 4),
(199, 19, 11, '0.578947368', 125, 2019, 52, 18, 2222, 4),
(200, 27, 17, '0.629629630', 126, 2016, 147, 81, 3031, 3),
(201, 23, 9, '0.391304348', 126, 2018, 120, 37, 2191, 3),
(202, 24, 11, '0.458333333', 127, 2019, 84, 36, 2929, 4),
(203, 36, 11, '0.305555556', 128, 2019, 48, 18, 2673, 4),
(204, 32, 11, '0.343750000', 129, 2019, 50, 22, 2163, 5),
(205, 33, 13, '0.393939394', 129, 2020, 17, 8, 1008, 5),
(206, 29, 10, '0.344827586', 130, 2020, 19, 7, 990, 5),
(207, 36, 13, '0.361111111', 131, 2017, 81, 25, 2797, 3),
(208, 37, 22, '0.594594595', 132, 2019, 77, 41, 1370, 3),
(209, 35, 12, '0.342857143', 133, 2016, 120, 57, 2940, 4),
(210, 21, 15, '0.714285714', 133, 2017, 121, 55, 3008, 4),
(211, 16, 15, '0.937500000', 133, 2018, 112, 58, 2954, 4),
(212, 37, 22, '0.594594595', 133, 2019, 79, 42, 2126, 4),
(213, 30, 11, '0.366666667', 134, 2018, 97, 42, 2353, 2),
(214, 30, 13, '0.433333333', 135, 2018, 57, 24, 3651, 1),
(215, 11, 18, '1.636363636', 137, 2016, 81, 51, 2737, 3),
(216, 34, 13, '0.382352941', 138, 2019, 84, 31, 2627, 3),
(217, 30, 22, '0.733333333', 139, 2018, 69, 33, 2432, 2),
(218, 31, 17, '0.548387097', 139, 2019, 47, 24, 1561, 2),
(219, 32, 14, '0.437500000', 140, 2019, 95, 44, 2826, 1),
(220, 36, 13, '0.361111111', 141, 2019, 56, 36, 2296, 2),
(221, 32, 10, '0.312500000', 142, 2016, 84, 45, 2950, 2),
(222, 32, 14, '0.437500000', 143, 2018, 31, 17, 2125, 3),
(223, 33, 22, '0.666666667', 144, 2017, 54, 21, 2279, 2),
(224, 23, 9, '0.391304348', 145, 2016, 109, 52, 3188, 3),
(225, 23, 13, '0.565217391', 145, 2017, 101, 53, 3096, 3),
(226, 35, 22, '0.628571429', 145, 2018, 73, 29, 2314, 3),
(227, 23, 15, '0.652173913', 145, 2019, 36, 20, 1353, 5),
(228, 31, 21, '0.677419355', 146, 2018, 120, 42, 3446, 5),
(229, 23, 12, '0.521739130', 147, 2016, 41, 28, 2121, 2),
(230, 23, 11, '0.478260870', 147, 2018, 91, 40, 2975, 2),
(231, 31, 11, '0.354838710', 148, 2017, 83, 37, 3168, 4),
(232, 29, 16, '0.551724138', 148, 2018, 82, 28, 3148, 4),
(233, 32, 13, '0.406250000', 149, 2016, 53, 34, 2000, 2),
(234, 28, 12, '0.428571429', 135, 2018, 64, 25, 1911, 5),
(235, 31, 18, '0.580645161', 136, 2019, 66, 30, 2276, 5),
(236, 33, 17, '0.515151515', 150, 2018, 110, 39, 2900, 5),
(237, 27, 15, '0.555555556', 150, 2019, 48, 21, 1077, 5),
(238, 13, 8, '0.615384615', 151, 2017, 92, 36, 2626, 2),
(239, 24, 7, '0.291666667', 152, 2016, 79, 25, 2493, 1),
(240, 25, 10, '0.400000000', 153, 2017, 65, 32, 2864, 4),
(241, 16, 12, '0.750000000', 153, 2018, 66, 28, 3300, 4),
(242, 34, 16, '0.470588235', 153, 2019, 62, 22, 3247, 4),
(243, 33, 12, '0.363636364', 154, 2017, 65, 26, 2735, 3),
(244, 17, 12, '0.705882353', 155, 2016, 80, 50, 2567, 3),
(245, 14, 12, '0.857142857', 155, 2018, 137, 63, 3417, 1),
(246, 26, 9, '0.346153846', 155, 2019, 132, 59, 3045, 1),
(247, 23, 8, '0.347826087', 156, 2017, 61, 25, 3180, 4),
(248, 33, 13, '0.393939394', 156, 2018, 65, 33, 3381, 4),
(249, 15, 11, '0.733333333', 156, 2020, 17, 8, 758, 4),
(250, 31, 17, '0.548387097', 157, 2016, 55, 30, 1392, 4),
(251, 19, 11, '0.578947368', 157, 2019, 69, 30, 2248, 4),
(252, 21, 10, '0.476190476', 158, 2018, 90, 39, 2154, 5),
(253, 29, 14, '0.482758621', 158, 2019, 56, 26, 2358, 5),
(254, 36, 36, '1.000000000', 159, 2017, 62, 23, 2517, 4),
(255, 33, 31, '0.939393939', 160, 2016, 105, 42, 2694, 4),
(256, 32, 22, '0.687500000', 160, 2018, 54, 25, 1517, 5),
(257, 25, 11, '0.440000000', 160, 2019, 71, 36, 1396, 5),
(258, 23, 10, '0.434782609', 161, 2017, 87, 33, 2507, 2),
(259, 22, 9, '0.409090909', 162, 2018, 118, 60, 3533, 5),
(260, 29, 14, '0.482758621', 163, 2016, 90, 61, 2648, 3),
(261, 30, 13, '0.433333333', 164, 2017, 63, 24, 2362, 2),
(262, 25, 18, '0.720000000', 164, 2019, 55, 19, 2595, 2),
(263, 31, 16, '0.516129032', 165, 2016, 39, 20, 1311, 1),
(264, 11, 12, '1.090909091', 166, 2018, 54, 20, 2661, 2),
(265, 26, 11, '0.423076923', 167, 2018, 75, 31, 2877, 4),
(266, 31, 13, '0.419354839', 168, 2018, 52, 27, 1312, 2),
(267, 33, 21, '0.636363636', 169, 2020, 40, 17, 898, 1),
(268, 21, 14, '0.666666667', 170, 2018, 105, 49, 3233, 1),
(269, 33, 18, '0.545454545', 171, 2017, 114, 45, 2407, 3),
(270, 20, 11, '0.550000000', 172, 2016, 59, 17, 2250, 1),
(271, 34, 12, '0.352941176', 173, 2016, 107, 36, 2327, 1),
(272, 26, 12, '0.461538462', 174, 2016, 116, 78, 2894, 2),
(273, 29, 18, '0.620689655', 174, 2017, 58, 27, 1480, 2),
(274, 37, 14, '0.378378378', 174, 2018, 94, 39, 2905, 1),
(275, 14, 9, '0.642857143', 174, 2019, 93, 42, 3392, 1),
(276, 25, 17, '0.680000000', 175, 2017, 49, 25, 3081, 4),
(277, 33, 11, '0.333333333', 176, 2018, 77, 38, 2930, 1),
(278, 34, 23, '0.676470588', 176, 2019, 99, 38, 2836, 1),
(279, 23, 13, '0.565217391', 177, 2018, 115, 47, 2964, 4),
(280, 35, 18, '0.514285714', 178, 2019, 81, 33, 3034, 4),
(281, 31, 11, '0.354838710', 179, 2018, 111, 33, 3285, 1),
(282, 21, 15, '0.714285714', 179, 2019, 118, 43, 3445, 1),
(283, 29, 12, '0.413793103', 179, 2020, 26, 10, 872, 1),
(284, 36, 21, '0.583333333', 180, 2018, 78, 24, 2719, 5),
(285, 22, 11, '0.500000000', 181, 2018, 83, 28, 2822, 1),
(286, 32, 13, '0.406250000', 181, 2019, 90, 32, 3289, 1),
(287, 24, 10, '0.416666667', 182, 2019, 74, 31, 2130, 1),
(288, 17, 18, '1.058823529', 183, 2016, 143, 86, 2871, 2),
(289, 14, 9, '0.642857143', 183, 2017, 127, 54, 2247, 2),
(290, 29, 14, '0.482758621', 183, 2018, 144, 51, 3090, 2),
(291, 32, 25, '0.781250000', 183, 2019, 138, 67, 2783, 2),
(292, 21, 10, '0.476190476', 184, 2016, 104, 43, 3228, 1),
(293, 31, 14, '0.451612903', 185, 2017, 76, 37, 2914, 3),
(294, 29, 11, '0.379310345', 185, 2018, 47, 21, 2075, 3),
(295, 24, 8, '0.333333333', 186, 2019, 71, 28, 2718, 2),
(296, 10, 18, '1.800000000', 187, 2017, 92, 38, 2770, 4),
(297, 22, 16, '0.727272727', 188, 2018, 71, 30, 1999, 4),
(298, 24, 10, '0.416666667', 188, 2019, 57, 24, 2436, 4),
(299, 28, 14, '0.500000000', 189, 2016, 110, 53, 3448, 1),
(300, 18, 11, '0.611111111', 189, 2019, 99, 47, 3156, 3),
(301, 31, 17, '0.548387097', 190, 2019, 73, 27, 2592, 2),
(302, 28, 10, '0.357142857', 191, 2016, 117, 42, 2842, 4),
(303, 14, 12, '0.857142857', 192, 2016, 58, 24, 2347, 1),
(304, 12, 9, '0.750000000', 192, 2018, 87, 42, 3236, 1),
(305, 36, 10, '0.277777778', 192, 2019, 77, 36, 2933, 1),
(306, 33, 19, '0.575757576', 193, 2017, 50, 23, 2272, 2),
(307, 25, 12, '0.480000000', 194, 2016, 93, 38, 2340, 4),
(308, 24, 16, '0.666666667', 195, 2016, 65, 35, 2695, 2),
(309, 15, 12, '0.800000000', 195, 2017, 55, 26, 1666, 2),
(310, 24, 11, '0.458333333', 196, 2019, 49, 24, 2513, 4),
(311, 35, 22, '0.628571429', 197, 2017, 43, 20, 1630, 4),
(312, 30, 20, '0.666666667', 198, 2019, 65, 37, 2813, 2),
(313, 33, 15, '0.454545455', 199, 2018, 54, 26, 2312, 2),
(314, 37, 17, '0.459459459', 200, 2019, 45, 19, 2030, 5),
(315, 36, 13, '0.361111111', 201, 2016, 62, 33, 2028, 2),
(316, 21, 11, '0.523809524', 201, 2017, 49, 23, 1555, 2),
(317, 31, 34, '1.096774194', 201, 2019, 95, 40, 2216, 2),
(318, 31, 13, '0.419354839', 202, 2017, 91, 34, 3014, 3),
(319, 26, 11, '0.423076923', 203, 2016, 64, 26, 2904, 4),
(320, 33, 23, '0.696969697', 204, 2016, 139, 51, 2444, 1),
(321, 27, 15, '0.555555556', 204, 2018, 118, 43, 2566, 1),
(322, 31, 18, '0.580645161', 204, 2019, 76, 27, 1566, 1),
(323, 29, 11, '0.379310345', 205, 2017, 65, 27, 2071, 4),
(324, 31, 12, '0.387096774', 206, 2019, 39, 17, 3100, 4),
(325, 23, 9, '0.391304348', 207, 2017, 73, 24, 2163, 4),
(326, 26, 12, '0.461538462', 208, 2016, 80, 33, 2174, 1),
(327, 18, 16, '0.888888889', 208, 2018, 74, 29, 2152, 1),
(328, 35, 11, '0.314285714', 208, 2019, 81, 38, 2663, 1),
(329, 28, 11, '0.392857143', 208, 2020, 20, 12, 861, 1),
(330, 25, 15, '0.600000000', 209, 2018, 70, 30, 2213, 3),
(331, 33, 11, '0.333333333', 210, 2018, 66, 33, 2541, 5),
(332, 33, 28, '0.848484848', 211, 2019, 88, 35, 2380, 1),
(333, 25, 13, '0.520000000', 212, 2019, 80, 35, 3087, 1),
(334, 24, 11, '0.458333333', 213, 2017, 87, 33, 3062, 2),
(335, 25, 18, '0.720000000', 214, 2016, 74, 50, 2496, 2),
(336, 30, 16, '0.533333333', 214, 2017, 95, 40, 2596, 2),
(337, 11, 6, '0.545454545', 214, 2018, 107, 39, 2582, 2),
(338, 10, 6, '0.600000000', 214, 2019, 123, 63, 2744, 2),
(339, 10, 10, '1.000000000', 214, 2020, 23, 10, 876, 1),
(340, 10, 4, '0.400000000', 215, 2016, 72, 46, 2772, 2),
(341, 10, 5, '0.500000000', 216, 2019, 86, 35, 2434, 5),
(342, 10, 7, '0.700000000', 217, 2018, 94, 36, 3000, 5),
(343, 11, 5, '0.454545455', 218, 2017, 89, 29, 2869, 4),
(344, 10, 4, '0.400000000', 218, 2016, 69, 29, 2102, 4),
(345, 10, 4, '0.400000000', 218, 2018, 55, 26, 2471, 4),
(346, 11, 4, '0.363636364', 218, 2019, 59, 19, 2171, 4),
(347, 11, 4, '0.363636364', 219, 2016, 44, 23, 1735, 4),
(348, 11, 4, '0.363636364', 219, 2018, 76, 36, 2975, 4),
(349, 10, 4, '0.400000000', 219, 2019, 64, 36, 2321, 5),
(350, 10, 7, '0.700000000', 219, 2020, 30, 8, 879, 5),
(351, 10, 4, '0.400000000', 220, 2018, 73, 34, 3061, 2),
(352, 10, 9, '0.900000000', 220, 2019, 85, 38, 2893, 2),
(353, 10, 4, '0.400000000', 221, 2018, 65, 27, 2556, 2),
(354, 10, 6, '0.600000000', 222, 2016, 115, 45, 2578, 1);

--
-- Contraintes pour les tables déchargées
--

--
-- Contraintes pour la table `table_club`
--
ALTER TABLE `table_club`
  ADD CONSTRAINT `table_club_ibfk_1` FOREIGN KEY (`id_ligue`) REFERENCES `table_ligue` (`ID_ligue`);

--
-- Contraintes pour la table `table_joueur`
--
ALTER TABLE `table_joueur`
  ADD CONSTRAINT `table_joueur_ibfk_1` FOREIGN KEY (`id_club2016`) REFERENCES `table_club` (`id_club`) ON DELETE RESTRICT ON UPDATE RESTRICT,
  ADD CONSTRAINT `table_joueur_ibfk_2` FOREIGN KEY (`id_club2017`) REFERENCES `table_club` (`id_club`) ON DELETE RESTRICT ON UPDATE RESTRICT,
  ADD CONSTRAINT `table_joueur_ibfk_3` FOREIGN KEY (`id_club2018`) REFERENCES `table_club` (`id_club`) ON DELETE RESTRICT ON UPDATE RESTRICT,
  ADD CONSTRAINT `table_joueur_ibfk_4` FOREIGN KEY (`id_club2019`) REFERENCES `table_club` (`id_club`) ON DELETE RESTRICT ON UPDATE RESTRICT,
  ADD CONSTRAINT `table_joueur_ibfk_5` FOREIGN KEY (`id_club2020`) REFERENCES `table_club` (`id_club`) ON DELETE RESTRICT ON UPDATE RESTRICT;

--
-- Contraintes pour la table `table_stats`
--
ALTER TABLE `table_stats`
  ADD CONSTRAINT `table_stats_ibfk_1` FOREIGN KEY (`id_ligue`) REFERENCES `table_ligue` (`ID_ligue`) ON DELETE RESTRICT ON UPDATE RESTRICT,
  ADD CONSTRAINT `table_stats_ibfk_2` FOREIGN KEY (`id_stats_joueurs`) REFERENCES `table_joueur` (`ID`) ON DELETE RESTRICT ON UPDATE RESTRICT;
COMMIT;

/*!40101 SET CHARACTER_SET_CLIENT=@OLD_CHARACTER_SET_CLIENT */;
/*!40101 SET CHARACTER_SET_RESULTS=@OLD_CHARACTER_SET_RESULTS */;
/*!40101 SET COLLATION_CONNECTION=@OLD_COLLATION_CONNECTION */;
