SET SQL_MODE = "NO_AUTO_VALUE_ON_ZERO";
START TRANSACTION;
SET time_zone = "+00:00";


/*!40101 SET @OLD_CHARACTER_SET_CLIENT=@@CHARACTER_SET_CLIENT */;
/*!40101 SET @OLD_CHARACTER_SET_RESULTS=@@CHARACTER_SET_RESULTS */;
/*!40101 SET @OLD_COLLATION_CONNECTION=@@COLLATION_CONNECTION */;
/*!40101 SET NAMES utf8mb4 */;

--
-- Base de données : `foot_performances`
--

-- --------------------------------------------------------

--
-- Structure de la table `stats_joueur`
--

DROP TABLE IF EXISTS `stats_joueur`;
CREATE TABLE IF NOT EXISTS `stats_joueur` (
  `id_stats` int DEFAULT NULL,
  `match_played` int DEFAULT NULL,
  `Goals` int DEFAULT NULL,
  `ration b/m` decimal(10,9) DEFAULT NULL,
  `id_stats_joueurs` int DEFAULT NULL,
  `year` int DEFAULT NULL
) ENGINE=InnoDB DEFAULT CHARSET=utf8mb3;

--
-- Déchargement des données de la table `stats_joueur`
--

INSERT INTO `stats_joueur` (`id_stats`, `match_played`, `Goals`, `ration b/m`, `id_stats_joueurs`, `year`) VALUES
(1, 27, 16, '0.592592593', 15, 2019),
(2, 37, 16, '0.432432432', 1, 2019),
(3, 36, 24, '0.666666667', 2, 2019),
(4, 34, 26, '0.764705882', 3, 2016),
(5, 28, 15, '0.535714286', 4, 2018),
(6, 34, 25, '0.735294118', 4, 2019),
(7, 36, 16, '0.444444444', 5, 2016),
(8, 21, 13, '0.619047619', 6, 2018),
(9, 26, 13, '0.500000000', 7, 2016),
(10, 17, 10, '0.588235294', 8, 2017),
(11, 20, 11, '0.550000000', 8, 2018),
(12, 36, 15, '0.416666667', 9, 2019),
(13, 35, 22, '0.628571429', 10, 2016),
(14, 29, 25, '0.862068966', 10, 2017),
(15, 31, 12, '0.387096774', 10, 2018),
(16, 35, 18, '0.514285714', 10, 2019),
(17, 35, 20, '0.571428571', 11, 2018),
(18, 35, 13, '0.371428571', 11, 2019),
(19, 28, 28, '1.000000000', 12, 2019),
(20, 36, 16, '0.444444444', 13, 2016),
(21, 33, 29, '0.878787879', 13, 2017),
(22, 27, 8, '0.296296296', 13, 2018),
(23, 35, 12, '0.342857143', 13, 2019),
(24, 28, 15, '0.535714286', 14, 2018),
(25, 23, 8, '0.347826087', 14, 2019),
(26, 29, 11, '0.379310345', 14, 2020),
(27, 32, 12, '0.375000000', 15, 2018),
(28, 37, 13, '0.351351351', 16, 2017),
(29, 29, 12, '0.413793103', 17, 2019),
(30, 32, 24, '0.750000000', 18, 2018),
(31, 23, 12, '0.521739130', 18, 2019),
(32, 17, 9, '0.529411765', 19, 2019),
(33, 29, 29, '1.000000000', 20, 2016),
(34, 25, 19, '0.760000000', 21, 2016),
(35, 31, 12, '0.387096774', 21, 2017),
(36, 18, 10, '0.555555556', 21, 2018),
(37, 33, 13, '0.393939394', 22, 2016),
(38, 37, 15, '0.405405405', 23, 2018),
(39, 37, 14, '0.378378378', 23, 2019),
(40, 31, 16, '0.516129032', 24, 2018),
(41, 19, 11, '0.578947368', 25, 2018),
(42, 23, 11, '0.478260870', 26, 2018),
(43, 21, 16, '0.761904762', 27, 2018),
(44, 21, 13, '0.619047619', 28, 2020),
(45, 29, 11, '0.379310345', 29, 2018),
(46, 32, 37, '1.156250000', 30, 2016),
(47, 35, 18, '0.514285714', 30, 2017),
(48, 34, 28, '0.823529412', 31, 2019),
(49, 30, 16, '0.533333333', 32, 2016),
(50, 32, 16, '0.500000000', 33, 2016),
(51, 34, 24, '0.705882353', 34, 2018),
(52, 23, 15, '0.652173913', 35, 2019),
(53, 23, 9, '0.391304348', 36, 2016),
(54, 29, 11, '0.379310345', 37, 2016),
(55, 29, 15, '0.517241379', 37, 2017),
(56, 14, 15, '1.071428571', 37, 2018),
(57, 30, 13, '0.433333333', 37, 2019),
(58, 26, 15, '0.576923077', 38, 2017),
(59, 11, 12, '1.090909091', 38, 2018),
(60, 26, 10, '0.384615385', 39, 2016),
(61, 28, 13, '0.464285714', 39, 2017),
(62, 31, 31, '1.000000000', 39, 2018),
(63, 31, 30, '0.967741935', 39, 2019),
(64, 34, 11, '0.323529412', 40, 2016),
(65, 36, 25, '0.694444444', 41, 2017),
(66, 32, 13, '0.406250000', 42, 2019),
(67, 26, 13, '0.500000000', 43, 2019),
(68, 28, 14, '0.500000000', 44, 2017),
(69, 30, 11, '0.366666667', 45, 2016),
(70, 23, 11, '0.478260870', 46, 2019),
(71, 31, 11, '0.354838710', 47, 2016),
(72, 25, 21, '0.840000000', 48, 2016),
(73, 23, 14, '0.608695652', 49, 2019),
(74, 28, 21, '0.750000000', 50, 2019),
(75, 32, 12, '0.375000000', 51, 2019),
(76, 27, 12, '0.444444444', 51, 2020),
(77, 20, 11, '0.550000000', 52, 2016),
(78, 27, 17, '0.629629630', 52, 2017),
(79, 22, 12, '0.545454545', 52, 2018),
(80, 29, 10, '0.344827586', 53, 2017),
(81, 22, 13, '0.590909091', 53, 2018),
(82, 26, 13, '0.500000000', 53, 2019),
(83, 30, 19, '0.633333333', 54, 2016),
(84, 30, 15, '0.500000000', 54, 2018),
(85, 33, 29, '0.878787879', 55, 2016),
(86, 32, 21, '0.656250000', 55, 2017),
(87, 27, 26, '0.962962963', 55, 2018),
(88, 26, 9, '0.346153846', 55, 2019),
(89, 19, 10, '0.526315789', 56, 2018),
(90, 35, 18, '0.514285714', 57, 2016),
(91, 24, 11, '0.458333333', 58, 2018),
(92, 33, 16, '0.484848485', 59, 2019),
(93, 33, 19, '0.575757576', 60, 2016),
(94, 20, 16, '0.800000000', 60, 2017),
(95, 38, 16, '0.421052632', 60, 2018),
(96, 36, 14, '0.388888889', 60, 2019),
(97, 32, 16, '0.500000000', 61, 2018),
(98, 24, 11, '0.458333333', 62, 2016),
(99, 33, 22, '0.666666667', 63, 2016),
(100, 34, 12, '0.352941176', 64, 2016),
(101, 37, 11, '0.297297297', 64, 2019),
(102, 14, 9, '0.642857143', 65, 2018),
(103, 38, 10, '0.263157895', 65, 2020),
(104, 21, 11, '0.523809524', 66, 2016),
(105, 26, 9, '0.346153846', 67, 2018),
(106, 26, 12, '0.461538462', 67, 2019),
(107, 30, 14, '0.466666667', 68, 2018),
(108, 25, 9, '0.360000000', 69, 2019),
(109, 31, 11, '0.354838710', 70, 2020),
(110, 32, 33, '1.031250000', 71, 2018),
(111, 32, 11, '0.343750000', 72, 2017),
(112, 32, 25, '0.781250000', 73, 2016),
(113, 24, 14, '0.583333333', 73, 2017),
(114, 34, 29, '0.852941176', 73, 2019),
(115, 35, 18, '0.514285714', 74, 2018),
(116, 30, 13, '0.433333333', 75, 2019),
(117, 31, 12, '0.387096774', 76, 2016),
(118, 28, 11, '0.392857143', 76, 2017),
(119, 35, 10, '0.285714286', 76, 2019),
(120, 28, 10, '0.357142857', 77, 2018),
(121, 26, 14, '0.538461538', 78, 2016),
(122, 24, 15, '0.625000000', 78, 2017),
(123, 26, 22, '0.846153846', 79, 2016),
(124, 16, 13, '0.812500000', 79, 2018),
(125, 35, 11, '0.314285714', 80, 2016),
(126, 24, 29, '1.208333333', 80, 2017),
(127, 33, 12, '0.363636364', 81, 2018),
(128, 31, 16, '0.516129032', 82, 2019),
(129, 27, 12, '0.444444444', 83, 2016),
(130, 18, 12, '0.666666667', 83, 2018),
(131, 17, 12, '0.705882353', 83, 2019),
(132, 20, 10, '0.500000000', 83, 2020),
(133, 33, 12, '0.363636364', 84, 2016),
(134, 23, 11, '0.478260870', 84, 2017),
(135, 23, 13, '0.565217391', 84, 2018),
(136, 33, 10, '0.303030303', 84, 2019),
(137, 28, 13, '0.464285714', 84, 2020),
(138, 32, 15, '0.468750000', 85, 2016),
(139, 28, 12, '0.428571429', 85, 2017),
(140, 27, 14, '0.518518519', 86, 2018),
(141, 17, 10, '0.588235294', 87, 2016),
(142, 37, 15, '0.405405405', 88, 2018),
(143, 35, 16, '0.457142857', 89, 2019),
(144, 28, 16, '0.571428571', 90, 2017),
(145, 36, 14, '0.388888889', 91, 2018),
(146, 28, 12, '0.428571429', 91, 2019),
(147, 23, 11, '0.478260870', 92, 2018),
(148, 37, 15, '0.405405405', 92, 2019),
(149, 27, 17, '0.629629630', 93, 2020),
(150, 26, 12, '0.461538462', 94, 2016),
(151, 34, 12, '0.352941176', 94, 2018),
(152, 19, 10, '0.526315789', 94, 2019),
(153, 35, 17, '0.485714286', 95, 2020),
(154, 29, 14, '0.482758621', 96, 2017),
(155, 20, 10, '0.500000000', 97, 2018),
(156, 31, 15, '0.483870968', 98, 2016),
(157, 30, 19, '0.633333333', 99, 2019),
(158, 30, 21, '0.700000000', 100, 2019),
(159, 23, 16, '0.695652174', 101, 2018),
(160, 32, 23, '0.718750000', 101, 2020),
(161, 32, 16, '0.500000000', 102, 2018),
(162, 28, 9, '0.321428571', 103, 2016),
(163, 20, 18, '0.900000000', 103, 2017),
(164, 16, 12, '0.750000000', 104, 2019),
(165, 37, 26, '0.702702703', 105, 2016),
(166, 29, 15, '0.517241379', 105, 2018),
(167, 30, 16, '0.533333333', 106, 2017),
(168, 38, 16, '0.421052632', 106, 2018),
(169, 29, 10, '0.344827586', 106, 2019),
(170, 36, 11, '0.305555556', 107, 2016),
(171, 27, 11, '0.407407407', 108, 2017),
(172, 30, 13, '0.433333333', 109, 2018),
(173, 26, 11, '0.423076923', 109, 2019),
(174, 36, 13, '0.361111111', 110, 2016),
(175, 27, 17, '0.629629630', 110, 2018),
(176, 26, 20, '0.769230769', 110, 2019),
(177, 36, 12, '0.333333333', 111, 2019),
(178, 20, 18, '0.900000000', 112, 2016),
(179, 26, 13, '0.500000000', 113, 2019),
(180, 27, 14, '0.518518519', 114, 2016),
(181, 30, 18, '0.600000000', 115, 2017),
(182, 29, 14, '0.482758621', 116, 2017),
(183, 35, 13, '0.371428571', 116, 2018),
(184, 28, 14, '0.500000000', 116, 2019),
(185, 34, 12, '0.352941176', 117, 2018),
(186, 23, 12, '0.521739130', 118, 2018),
(187, 33, 16, '0.484848485', 118, 2019),
(188, 35, 21, '0.600000000', 119, 2016),
(189, 32, 14, '0.437500000', 119, 2019),
(190, 34, 23, '0.676470588', 120, 2019),
(191, 24, 33, '1.375000000', 121, 2018),
(192, 21, 10, '0.476190476', 122, 2017),
(193, 31, 16, '0.516129032', 123, 2017),
(194, 29, 36, '1.241379310', 123, 2018),
(195, 24, 10, '0.416666667', 124, 2016),
(196, 31, 21, '0.677419355', 124, 2017),
(197, 25, 17, '0.680000000', 124, 2018),
(198, 38, 12, '0.315789474', 124, 2019),
(199, 19, 11, '0.578947368', 125, 2019),
(200, 27, 17, '0.629629630', 126, 2016),
(201, 23, 9, '0.391304348', 126, 2018),
(202, 24, 11, '0.458333333', 127, 2019),
(203, 36, 11, '0.305555556', 128, 2019),
(204, 32, 11, '0.343750000', 129, 2019),
(205, 33, 13, '0.393939394', 129, 2020),
(206, 29, 10, '0.344827586', 130, 2020),
(207, 36, 13, '0.361111111', 131, 2017),
(208, 37, 22, '0.594594595', 132, 2019),
(209, 35, 12, '0.342857143', 133, 2016),
(210, 21, 15, '0.714285714', 133, 2017),
(211, 16, 15, '0.937500000', 133, 2018),
(212, 37, 22, '0.594594595', 133, 2019),
(213, 30, 11, '0.366666667', 134, 2018),
(214, 30, 13, '0.433333333', 135, 2018),
(215, 11, 18, '1.636363636', 137, 2016),
(216, 34, 13, '0.382352941', 138, 2019),
(217, 30, 22, '0.733333333', 139, 2018),
(218, 31, 17, '0.548387097', 139, 2019),
(219, 32, 14, '0.437500000', 140, 2019),
(220, 36, 13, '0.361111111', 141, 2019),
(221, 32, 10, '0.312500000', 142, 2016),
(222, 32, 14, '0.437500000', 143, 2018),
(223, 33, 22, '0.666666667', 144, 2017),
(224, 23, 9, '0.391304348', 145, 2016),
(225, 23, 13, '0.565217391', 145, 2017),
(226, 35, 22, '0.628571429', 145, 2018),
(227, 23, 15, '0.652173913', 145, 2019),
(228, 31, 21, '0.677419355', 146, 2018),
(229, 23, 12, '0.521739130', 147, 2016),
(230, 23, 11, '0.478260870', 147, 2018),
(231, 31, 11, '0.354838710', 148, 2017),
(232, 29, 16, '0.551724138', 148, 2018),
(233, 32, 13, '0.406250000', 149, 2016),
(234, 28, 12, '0.428571429', 135, 2018),
(235, 31, 18, '0.580645161', 136, 2019),
(236, 33, 17, '0.515151515', 150, 2018),
(237, 27, 15, '0.555555556', 150, 2019),
(238, 13, 8, '0.615384615', 151, 2017),
(239, 24, 7, '0.291666667', 152, 2016),
(240, 25, 10, '0.400000000', 153, 2017),
(241, 16, 12, '0.750000000', 153, 2018),
(242, 34, 16, '0.470588235', 153, 2019),
(243, 33, 12, '0.363636364', 154, 2017),
(244, 17, 12, '0.705882353', 155, 2016),
(245, 14, 12, '0.857142857', 155, 2018),
(246, 26, 9, '0.346153846', 155, 2019),
(247, 23, 8, '0.347826087', 156, 2017),
(248, 33, 13, '0.393939394', 156, 2018),
(249, 15, 11, '0.733333333', 156, 2020),
(250, 31, 17, '0.548387097', 157, 2016),
(251, 19, 11, '0.578947368', 157, 2019),
(252, 21, 10, '0.476190476', 158, 2018),
(253, 29, 14, '0.482758621', 158, 2019),
(254, 36, 36, '1.000000000', 159, 2017),
(255, 33, 31, '0.939393939', 160, 2016),
(256, 32, 22, '0.687500000', 160, 2018),
(257, 25, 11, '0.440000000', 160, 2019),
(258, 23, 10, '0.434782609', 161, 2017),
(259, 22, 9, '0.409090909', 162, 2018),
(260, 29, 14, '0.482758621', 163, 2016),
(261, 30, 13, '0.433333333', 164, 2017),
(262, 25, 18, '0.720000000', 164, 2019),
(263, 31, 16, '0.516129032', 165, 2016),
(264, 11, 12, '1.090909091', 166, 2018),
(265, 26, 11, '0.423076923', 167, 2018),
(266, 31, 13, '0.419354839', 168, 2018),
(267, 33, 21, '0.636363636', 169, 2020),
(268, 21, 14, '0.666666667', 170, 2018),
(269, 33, 18, '0.545454545', 171, 2017),
(270, 20, 11, '0.550000000', 172, 2016),
(271, 34, 12, '0.352941176', 173, 2016),
(272, 26, 12, '0.461538462', 174, 2016),
(273, 29, 18, '0.620689655', 174, 2017),
(274, 37, 14, '0.378378378', 174, 2018),
(275, 14, 9, '0.642857143', 174, 2019),
(276, 25, 17, '0.680000000', 175, 2017),
(277, 33, 11, '0.333333333', 176, 2018),
(278, 34, 23, '0.676470588', 176, 2019),
(279, 23, 13, '0.565217391', 177, 2018),
(280, 35, 18, '0.514285714', 178, 2019),
(281, 31, 11, '0.354838710', 179, 2018),
(282, 21, 15, '0.714285714', 179, 2019),
(283, 29, 12, '0.413793103', 179, 2020),
(284, 36, 21, '0.583333333', 180, 2018),
(285, 22, 11, '0.500000000', 181, 2018),
(286, 32, 13, '0.406250000', 181, 2019),
(287, 24, 10, '0.416666667', 182, 2019),
(288, 17, 18, '1.058823529', 183, 2016),
(289, 14, 9, '0.642857143', 183, 2017),
(290, 29, 14, '0.482758621', 183, 2018),
(291, 32, 25, '0.781250000', 183, 2019),
(292, 21, 10, '0.476190476', 184, 2016),
(293, 31, 14, '0.451612903', 185, 2017),
(294, 29, 11, '0.379310345', 185, 2018),
(295, 24, 8, '0.333333333', 186, 2019),
(296, 10, 18, '1.800000000', 187, 2017),
(297, 22, 16, '0.727272727', 188, 2018),
(298, 24, 10, '0.416666667', 188, 2019),
(299, 28, 14, '0.500000000', 189, 2016),
(300, 18, 11, '0.611111111', 189, 2019),
(301, 31, 17, '0.548387097', 190, 2019),
(302, 28, 10, '0.357142857', 191, 2016),
(303, 14, 12, '0.857142857', 192, 2016),
(304, 12, 9, '0.750000000', 192, 2018),
(305, 36, 10, '0.277777778', 192, 2019),
(306, 33, 19, '0.575757576', 193, 2017),
(307, 25, 12, '0.480000000', 194, 2016),
(308, 24, 16, '0.666666667', 195, 2016),
(309, 15, 12, '0.800000000', 195, 2017),
(310, 24, 11, '0.458333333', 196, 2019),
(311, 35, 22, '0.628571429', 197, 2017),
(312, 30, 20, '0.666666667', 198, 2019),
(313, 33, 15, '0.454545455', 199, 2018),
(314, 37, 17, '0.459459459', 200, 2019),
(315, 36, 13, '0.361111111', 201, 2016),
(316, 21, 11, '0.523809524', 201, 2017),
(317, 31, 34, '1.096774194', 201, 2019),
(318, 31, 13, '0.419354839', 202, 2017),
(319, 26, 11, '0.423076923', 203, 2016),
(320, 33, 23, '0.696969697', 204, 2016),
(321, 27, 15, '0.555555556', 204, 2018),
(322, 31, 18, '0.580645161', 204, 2019),
(323, 29, 11, '0.379310345', 205, 2017),
(324, 31, 12, '0.387096774', 206, 2019),
(325, 23, 9, '0.391304348', 207, 2017),
(326, 26, 12, '0.461538462', 208, 2016),
(327, 18, 16, '0.888888889', 208, 2018),
(328, 35, 11, '0.314285714', 208, 2019),
(329, 28, 11, '0.392857143', 208, 2020),
(330, 25, 15, '0.600000000', 209, 2018),
(331, 33, 11, '0.333333333', 210, 2018),
(332, 33, 28, '0.848484848', 211, 2019),
(333, 25, 13, '0.520000000', 212, 2019),
(334, 24, 11, '0.458333333', 213, 2017),
(335, 25, 18, '0.720000000', 214, 2016),
(336, 30, 16, '0.533333333', 214, 2017),
(337, 11, 6, '0.545454545', 214, 2018),
(338, 10, 6, '0.600000000', 214, 2019),
(339, 10, 10, '1.000000000', 214, 2020),
(340, 10, 4, '0.400000000', 215, 2016),
(341, 10, 5, '0.500000000', 216, 2019),
(342, 10, 7, '0.700000000', 217, 2018),
(343, 11, 5, '0.454545455', 218, 2017),
(344, 10, 4, '0.400000000', 218, 2016),
(345, 10, 4, '0.400000000', 218, 2018),
(346, 11, 4, '0.363636364', 218, 2019),
(347, 11, 4, '0.363636364', 219, 2016),
(348, 11, 4, '0.363636364', 219, 2018),
(349, 10, 4, '0.400000000', 219, 2019),
(350, 10, 7, '0.700000000', 219, 2020),
(351, 10, 4, '0.400000000', 220, 2018),
(352, 10, 9, '0.900000000', 220, 2019),
(353, 10, 4, '0.400000000', 221, 2018),
(354, 10, 6, '0.600000000', 222, 2016);

-- --------------------------------------------------------

--
-- Structure de la table `table_club`
--

DROP TABLE IF EXISTS `table_club`;
CREATE TABLE IF NOT EXISTS `table_club` (
  `nom` varchar(5) DEFAULT NULL,
  `id_club` int DEFAULT NULL,
  `id_ligue` int DEFAULT NULL
) ENGINE=InnoDB DEFAULT CHARSET=utf8mb3;

--
-- Déchargement des données de la table `table_club`
--

INSERT INTO `table_club` (`nom`, `id_club`, `id_ligue`) VALUES
('(PSG)', 69, 5),
('(REN)', 72, 5),
('(STR)', 85, 5),
('(BIL)', 11, 4),
('(BMG)', 12, 2),
('(ATA)', 5, 3),
('(ARS)', 4, 1),
('(INT)', 42, 1),
('(FCA)', 30, 2),
('(FRA)', 32, 2),
('(TOR)', 87, 3),
('(NAP)', 63, 3),
('(PAR)', 68, 3),
('(HOF)', 39, 2),
('(MPE)', 61, 5),
('(GET)', 34, 4),
('(OSA)', 67, 4),
('(ACM)', 1, 2),
('(MNU)', 59, 1),
('(KOL)', 44, 2),
('(BAR)', 7, 4),
('(GRO)', 37, 2),
('(BUR)', 17, 1),
('(LEI)', 49, 1),
('(SCH)', 78, 2),
('(BET)', 10, 4),
('(LIL)', 52, 5),
('(NEW)', 64, 1),
('(VIL)', 94, 3),
('(SEV)', 79, 4),
('(SOC)', 81, 4),
('(LAG)', 45, 2),
('(CRY)', 23, 1),
('(LAZ)', 46, 3),
('(GIR)', 35, 4),
('(JUV)', 43, 4),
('(CAL)', 73, 3),
('(VfB)', 93, 2),
('(SOU)', 82, 1),
('(MAR)', 57, 5),
('(SVW)', 86, 2),
('(TOT)', 88, 1),
('(STE)', 83, 5),
('(ATL)', 6, 1),
('(CRZ)', 24, 3),
('(SAS)', 76, 3),
('(EVE)', 29, 1),
('(RMA)', 73, 1),
('(ROM)', 74, 3),
('(RBL)', 71, 2),
('(CAE)', 18, 5),
('(DOR)', 25, 2),
('(SAM)', 75, 3),
('(GAL)', 33, 5),
('(HKI)', 38, 2),
('(DEP)', 74, 4),
('(LOK)', 54, 5),
('(MNC)', 58, 1),
('(LEN)', 50, 5),
('(BEN)', 9, 3),
('(CAG)', 19, 3),
('(WAT)', 95, 1),
('(IMI)', 41, 3),
('(STP)', 84, 2),
('(CEL)', 21, 4),
('(WHU)', 95, 1),
('(NAN)', 62, 2),
('(MAI)', 56, 2),
('(RAN)', 70, 1),
('(BSC)', 16, 2),
('(GRA)', 36, 4),
('(FIO)', 31, 3),
('(ALA)', 2, 4),
('(BOU)', 15, 1),
('(CHE)', 22, 2),
('(NIC)', 65, 5),
('(VAL)', 91, 4),
('(UDI)', 89, 3),
('(MON)', 60, 2),
('(LEV)', 51, 2),
('(LEC)', 47, 3),
('(BAY)', 8, 2),
('(SIV)', 80, 5),
('(UNB)', 90, 2),
('(WOB)', 96, 2),
('(LYO)', 55, 5),
('(LIV)', 53, 3),
('(VER)', 92, 3),
('(SCF)', 77, 2),
('(LEE)', 48, 1),
('(ESP)', 28, 4),
('(WOL)', 97, 1),
('(BOR)', 13, 5),
('(DUS)', 26, 2),
('(CAR)', 20, 4),
('(BOT)', 14, 2),
('(HUE)', 40, 4),
('(EIB)', 27, 4),
('(ANG)', 3, 5),
('(NOR)', 66, 1);

-- --------------------------------------------------------

--
-- Structure de la table `table_joueur`
--

DROP TABLE IF EXISTS `table_joueur`;
CREATE TABLE IF NOT EXISTS `table_joueur` (
  `id_joueur` varchar(3) DEFAULT NULL,
  `nom` varchar(25) DEFAULT NULL,
  `nationalit?` varchar(13) DEFAULT NULL,
  `age` varchar(2) DEFAULT NULL,
  `image_url` varchar(10) DEFAULT NULL,
  `id_club` int DEFAULT NULL
) ENGINE=InnoDB DEFAULT CHARSET=utf8mb3;

--
-- Déchargement des données de la table `table_joueur`
--

INSERT INTO `table_joueur` (`id_joueur`, `nom`, `nationalit?`, `age`, `image_url`, `id_club`) VALUES
('1', 'Adrien Hunou', 'Francaise', '35', '', 72),
('2', 'Adrien Thomasson', 'Francaise', '28', '', 85),
('3', 'Aduriz', 'Espagnole', '28', '', 11),
('4', 'Alassane Plea', 'Francaise', '25', '', 12),
('5', 'Alejandro Gomez', 'Argentine', '28', '', 5),
('6', 'Alexandre Lacazette', 'Francaise', '25', '', 4),
('7', 'Alexis Sanchez', 'Chili', '32', '', 42),
('8', 'Alfred Finnbogason', 'Islandaise', '30', '', 30),
('9', 'Andre Silva', 'Portugaise', '28', '', 32),
('10', 'Andrea Belotti', 'Italienne', '26', '', 87),
('11', 'Andrea Petagna', 'Belge', '20', '', 63),
('12', 'Andreas Cornelius', 'Danoise', '26', '', 68),
('13', 'Andrej Kramaric', 'Croate', '29', '', 39),
('14', 'Andy Delort', 'Polonaise', '33', '', 61),
('15', 'Angel Di Maria', 'Argentine', '26', '', 69),
('16', 'Angel Rodriguez', 'Espagnole', '24', '', 34),
('17', 'Ante Budimir', 'Croate', '21', '', 67),
('18', 'Ante Rebic', 'Croate', '29', '', 1),
('19', 'Anthony Martial', 'Francais', '27', '', 59),
('20', 'Anthony Modeste', 'Francaise', '23', '', 44),
('21', 'Antoine Griezmann', 'Francaise', '29', '', 7),
('23', 'Arkadiusz Milik', 'Italienne', '34', '', 37),
('24', 'Ashley Barnes', 'Slovaque', '24', '', 63),
('25', 'Ayoze Perez', 'Espagnole', '25', '', 17),
('26', 'Benito Raman', 'Belge', '29', '', 49),
('27', 'Borja Iglesias', 'Serbe', '21', '', 78),
('28', 'Burak Yilmaz', 'Turque', '29', '', 10),
('29', 'Callum Wilson', 'Argentinienne', '28', '', 52),
('30', 'Carlos Bacca', 'Colombienne', '29', '', 64),
('31', 'Carlos Fernandez', 'Espagnole', '29', '', 94),
('32', 'Cedric Bakambu', 'Congolaise', '34', '', 79),
('33', 'Chicharito', 'Mexicain', '31', '', 81),
('34', 'Chimy Avila', 'Argentinienne', '23', '', 45),
('36', 'Christian Benteke', 'Belgique', '22', '', 67),
('37', 'Ciro Immobile', 'Italienne', '26', '', 17),
('38', 'Cristhian Stuani', 'Uruguayenne', '28', '', 23),
('39', 'Cristiano Ronaldo', 'Portugaise', '29', '', 46),
('40', 'Cyril Thereau', 'Francaise', '25', '', 35),
('41', 'Daniel Didavi', 'Allemande', '23', '', 43),
('42', 'Danny Ings', 'Anglaise', '35', '', 73),
('43', 'Dario Benedetto', 'Argentine', '24', '', 93),
('44', 'Davie Selke', 'Allemande', '21', '', 82),
('45', 'Dele Alli', 'Angleterre', '29', '', 57),
('46', 'Denis Bouanga', 'Gabonaise', '21', '', 86),
('47', 'Diego Costa', 'Espagne', '26', '', 88),
('48', 'Diego Falcinelli', 'Italienne', '28', '', 83),
('49', 'Dimitri Payet', 'Francaise', '24', '', 6),
('50', 'Domenico Berardi', 'Italienne', '20', '', 24),
('51', 'Dominic Calvert-Lewin', 'Anglaise', '32', '', 57),
('52', 'Dries Mertens', 'Belge', '26', '', 76),
('53', 'Duvan Zapata', 'Colombienne', '24', '', 29),
('54', 'Eden Hazard', 'Belgique', '26', '', 63),
('55', 'Edin Dzeko', 'Bosnienne', '27', '', 5),
('56', 'Edinson Cavani', 'Allemande', '22', '', 73),
('60', 'Fabio Quagliarella', 'Italienne', '34', '', 74),
('61', 'Falcao', 'Colombienne', '30', '', 59),
('62', 'Fernando Llorente', 'Espagne', '28', '', 71),
('63', 'Fin Bartels', 'Allemand', '30', '', 18),
('64', 'Florian Niederlechner', 'Allemand', '28', '', 25),
('65', 'Florian Thauvin', 'Argentinienne', '20', '', 75),
('66', 'Florin Andone', 'Roumaine', '29', '', 33),
('67', 'Francesco Caputo', 'Italienne', '21', '', 63),
('68', 'Francois Kamano', 'Francaise', '25', '', 38),
('69', 'Gabriel Jesus', 'Brezilienne', '20', '', 30),
('70', 'Gael Kakuta', 'Congolaise', '29', '', 57),
('72', 'Gareth Bale', 'Galloise', '25', '', 74),
('73', 'Gerard Moreno', 'Espagnole', '30', '', 76),
('74', 'Gervinho', 'Ivoirien', '21', '', 54),
('75', 'Gianluca Lapadula', 'Italienne', '23', '', 58),
('76', 'Giovanni Simeone', 'Argentine', '20', '', 50),
('77', 'Glenn Murray', 'Anglaise', '22', '', 61),
('78', 'Gonzalo Higuain', 'Argentine', '24', '', 88),
('79', 'Gregoire Defrel', 'Francaise', '24', '', 94),
('80', 'Guido Burgstaller', 'Autrichien', '25', '', 68),
('81', 'Gylfi Sigurdsson', 'Islandaise', '26', '', 9),
('83', 'Harry Kane', 'Angleterre', '32', '', 19),
('84', 'Iago Aspas', 'Espagnole', '22', '', 95),
('85', 'Iago Falque', 'Espagnole', '26', '', 41),
('86', 'Inaki Williams', 'Anglaise', '27', '', 76),
('87', 'Isco', 'Espagnole', '29', '', 84),
('90', 'Ivan Perisic', 'Croate', '27', '', 29),
('91', 'Jadon Sancho', 'Anglaise', '26', '', 85),
('92', 'Jaime Mata', 'Espagnole', '24', '', 88),
('93', 'James Ward-Prowse', 'Anglaise', '24', '', 21),
('94', 'Jamie Vardy', 'Angleterre', '28', '', 9),
('95', 'Jarrod Bowen', 'Anglaise', '25', '', 11),
('96', 'Jean-Kevin Augustin', 'Francaise', '26', '', 73),
('97', 'Jean-Philippe Mateta', 'Francaise', '24', '', 39),
('98', 'Jermain Defoe', 'Angleterre', '28', '', 49),
('99', 'Jhon Cordoba', 'Colombienne', '31', '', 42),
('101', 'Jonathan Bamba', 'Francais', '27', '', 25),
('102', 'Jorge Molina', 'Espagnole', '27', '', 34),
('103', 'Jose CallejOn', 'Espagnole', '32', '', 82),
('104', 'Joselu', 'Espagnole', '27', '', 49),
('106', 'Josip Ilicic', 'Uruguayenne', '30', '', 95),
('107', 'Juanmi Callejon', 'Espagnole', '24', '', 62),
('108', 'Julian Brandt', 'Allemande', '31', '', 56),
('109', 'Kai Havertz', 'Allemande', '35', '', 70),
('110', 'Karim Benzema', 'Francaise', '28', '', 16),
('111', 'Kasper Dolberg', 'Danois', '24', '', 19),
('113', 'Kevin De Bruyne', 'Belge', '18', '', 52),
('114', 'Kevin Gameiro', 'Francaise', '29', '', 36),
('115', 'Kevin Lasagna', 'Italienne', '31', '', 31),
('116', 'Kevin Volland', 'Allemande', '21', '', 2),
('117', 'Krzysztof Piatek', 'Portugaise', '26', '', 15),
('118', 'Kylian Mbappe-Lottin', 'Francaise', '30', '', 5),
('119', 'Lars Stindl', 'Allemand', '30', '', 10),
('120', 'Lautaro Martrinez', 'Argentine', '23', '', 25),
('121', 'Lebo Mothiba', 'Sud-Africaine', '19', '', 22),
('123', 'Leonardo Pavoletti', 'Italienne', '29', '', 73),
('124', 'Lionel Messi', 'Argentine', '27', '', 65),
('125', 'Loren Moron', 'Espagnole', '23', '', 75),
('126', 'Lorenzo Insigne', 'Italienne', '29', '', 58),
('127', 'Lucas Ocampos', 'Argentine', '25', '', 91),
('128', 'Lucas Perez', 'Espagnole', '30', '', 89),
('129', 'Ludovic Ajorque', 'Francaise', '30', '', 60),
('130', 'Ludovic Blas', 'Francais', '24', '', 16),
('131', 'Luis Alberto', 'Espagnole', '21', '', 69),
('132', 'Luis Muriel', 'Colombienne', '26', '', 12),
('133', 'Luis Suarez', 'Uruguayenne', '30', '', 42),
('134', 'Luka Jovic', 'Serbe', '23', '', 85),
('135', 'Luka Milivojevic', 'Serbe', '26', '', 51),
('137', 'Marco Borriello', 'Italienne', '29', '', 19),
('138', 'Marco Mancosu', 'Italienne', '23', '', 7),
('139', 'Marco Reus', 'Allemande', '23', '', 10),
('140', 'Marcus Rashford', 'Anglaise', '22', '', 63),
('141', 'Marcus Thuram', 'Francaise', '21', '', 79),
('142', 'Mario Gomez', 'Allemand', '29', '', 2),
('143', 'Mario Mandzukic ', 'Croate', '26', '', 85),
('144', 'Mark Uth', 'Allemande', '27', '', 62),
('145', 'Mauro Icardi', 'Argentine', '26', '', 46),
('146', 'Max Gradel', 'Ivoirienne', '25', '', 5),
('147', 'Max Kruse', 'Allemand', '25', '', 6),
('148', 'Maxi Gomez', 'Uruguayenne', '27', '', 73),
('149', 'Maximilian Philipp', 'Allemand', '28', '', 23),
('150', 'Memphis Depay', 'Francaise', '25', '', 5),
('151', 'Michael Gregoritsch', 'Autrichienne', '25', '', 47),
('153', 'Mikel Oyarzabal', 'Espagnole', '26', '', 25),
('154', 'Mirco Antenucci', 'Italienne', '23', '', 59),
('155', 'Mohamed Salah', 'Egyptien', '27', '', 12),
('156', 'Morales', 'Espagnole', '31', '', 8),
('157', 'Morata', 'Espagnole', '23', '', 43),
('158', 'Moussa Dembele', 'Francaise', '27', '', 78),
('159', 'Munir', 'Espagnole', '29', '', 69),
('161', 'Niclas Fullkrug', 'Allemande', '24', '', 80),
('162', 'Nicolas Pepe', 'Ivoirienne', '32', '', 90),
('163', 'Nikola Kalinic', 'Croate', '24', '', 91),
('164', 'Nils Petersen', 'Allemande', '22', '', 96),
('165', 'Olivier Giroud', 'Francais', '33', '', 72),
('166', 'Ondrej Duda', 'Slovaque', '19', '', 55),
('167', 'Pablo Sarabia', 'Espagnole', '36', '', 30),
('168', 'Paco Alcacer', 'Espagnole', '28', '', 95),
('169', 'Patrick Bamford', 'Anglaise', '31', '', 81),
('170', 'Paul Pogba', 'Uruguayenne', '22', '', 7),
('171', 'Paulo Dybala', 'Argentine', '27', '', 53),
('172', 'Pedro ', 'Espagne', '29', '', 51),
('174', 'Pierre-Emerick Aubameyang', 'Gabonais', '24', '', 43),
('175', 'Portu', 'Espagnole', '19', '', 55),
('176', 'Raheem Sterling', 'Francaise', '30', '', 79),
('177', 'Raul de Tomas', 'Espagnole', '26', '', 69),
('178', 'Raul Garcla', 'Espagnole', '27', '', 86),
('179', 'Raul Jimenez', 'Mexicaine', '29', '', 4),
('180', 'Remi Oudin', 'Islandaise', '31', '', 92),
('182', 'Riyad Mahrez', 'Algerienne', '27', '', 77),
('183', 'Robert Lewandowski', 'Polonais', '20', '', 22),
('184', 'Roberto Firmino', 'Brezil', '25', '', 44),
('185', 'Roberto Inglese', 'Italienne', '25', '', 69),
('187', 'Rodrigo', 'Espagnole', '28', '', 94),
('188', 'Roger', 'Espagnole', '32', '', 48),
('189', 'Romelu Lukaku', 'Belgique', '30', '', 59),
('190', 'Rouwen Hennings', 'Allemande', '21', '', 43),
('191', 'Ruben Castro', 'Espagnole', '22', '', 74),
('193', 'Salomon Kalou', 'Ivoirienne', '27', '', 7),
('194', 'Sandro Ramlrez', 'Espagnole', '26', '', 4),
('195', 'Sandro Wagner', 'Allemande', '22', '', 81),
('196', 'Santi Cazorla', 'Espagnole', '30', '', 58),
('197', 'Santi Mina', 'Espagnole', '30', '', 28),
('199', 'Sebastien Haller', 'Ivoirien', '22', '', 11),
('200', 'Sehrou Guirassy', 'Francaise', '28', '', 97),
('201', 'Serge Gnabry', 'Allemand', '22', '', 13),
('202', 'Sergej Milinkovic-Savic', 'Serbe', '26', '', 29),
('203', 'Sergi Enrich', 'Espagnole', '27', '', 58),
('204', 'Sergio Aguero', 'Argentine', '26', '', 8),
('205', 'Sergio Leon', 'Espagnole', '34', '', 53),
('206', 'Sergio Ramos', 'Espagnole', '28', '', 68),
('207', 'Simone Zaza', 'Italien', '23', '', 56),
('209', 'Stephan El Shaarawy', 'Italienne', '21', '', 91),
('210', 'Stephane Bahoken', 'Camerounaise', '29', '', 51),
('211', 'Tammy Abraham', 'Anglaise', '23', '', 42),
('212', 'Teemu Pukki', 'Finlandais', '20', '', 26),
('213', 'Thorgan Hazard', 'Belge', '27', '', 20),
('214', 'Timo Werner', 'Allemand', '28', '', 53),
('215', 'Vedad Ibisevic', 'Bosniaque', '27', '', 14),
('217', 'Wahbi Khazri', 'Tunisienne', '27', '', 40),
('218', 'Willian Jose', 'Brezilienne', '24', '', 39),
('219', 'Wissam Ben Yedder', 'Francaise', '26', '', 94),
('221', 'Yussuf Poulsen', 'Danoise', '24', '', 21),
('', '', '', '', '', 44),
('', '', '', '', '', 95),
('', '', '', '', '', 72),
('', '', '', '', '', 8),
('', '', '', '', '', 46),
('', '', '', '', '', 27),
('', '', '', '', '', 58),
('', '', '', '', '', 51),
('', '', '', '', '', 73),
('', '', '', '', '', 87),
('', '', '', '', '', 88),
('', '', '', '', '', 74),
('', '', '', '', '', 3),
('', '', '', '', '', 22),
('', '', '', '', '', 66),
('', '', '', '', '', 25),
('', '', '', '', '', 22),
('', '', '', '', '', 78),
('', '', '', '', '', 63),
('', '', '', '', '', 83),
('', '', '', '', '', 81),
('', '', '', '', '', 81),
('', '', '', '', '', 60),
('', '', '', '', '', 96),
('', '', '', '', '', 71),
('', '', '', '', '', 1);

-- --------------------------------------------------------

--
-- Structure de la table `table_ligue`
--

DROP TABLE IF EXISTS `table_ligue`;
CREATE TABLE IF NOT EXISTS `table_ligue` (
  `ID_ligue` int NOT NULL,
  `Ligue` varchar(500) NOT NULL,
  PRIMARY KEY (`Ligue`)
) ENGINE=InnoDB DEFAULT CHARSET=utf8mb4 COLLATE=utf8mb4_0900_ai_ci;

--
-- Déchargement des données de la table `table_ligue`
--

INSERT INTO `table_ligue` (`ID_ligue`, `Ligue`) VALUES
(2, 'Bundesliga'),
(4, 'La Liga'),
(5, 'Ligue 1'),
(1, 'Premier League'),
(3, 'Serie A');
COMMIT;

/*!40101 SET CHARACTER_SET_CLIENT=@OLD_CHARACTER_SET_CLIENT */;
/*!40101 SET CHARACTER_SET_RESULTS=@OLD_CHARACTER_SET_RESULTS */;
/*!40101 SET COLLATION_CONNECTION=@OLD_COLLATION_CONNECTION */;
