-- phpMyAdmin SQL Dump
-- version 5.2.0
-- https://www.phpmyadmin.net/
--
-- Hôte : localhost:8889
-- Généré le : mer. 13 mars 2024 à 08:33
-- Version du serveur : 5.7.39
-- Version de PHP : 7.4.33

SET SQL_MODE = "NO_AUTO_VALUE_ON_ZERO";
START TRANSACTION;
SET time_zone = "+00:00";


/*!40101 SET @OLD_CHARACTER_SET_CLIENT=@@CHARACTER_SET_CLIENT */;
/*!40101 SET @OLD_CHARACTER_SET_RESULTS=@@CHARACTER_SET_RESULTS */;
/*!40101 SET @OLD_COLLATION_CONNECTION=@@COLLATION_CONNECTION */;
/*!40101 SET NAMES utf8mb4 */;

--
-- Base de données : `Performances_Football`
--

-- --------------------------------------------------------

--
-- Structure de la table `table_club`
--

CREATE TABLE `table_club` (
  `nom` varchar(5) DEFAULT NULL,
  `id_club` int(11) NOT NULL,
  `id_ligue` int(11) DEFAULT NULL
) ENGINE=InnoDB DEFAULT CHARSET=utf8;

--
-- Déchargement des données de la table `table_club`
--

INSERT INTO `table_club` (`nom`, `id_club`, `id_ligue`) VALUES
('(ACM)', 1, 2),
('(ALA)', 2, 4),
('(ANG)', 3, 5),
('(ARS)', 4, 1),
('(ATA)', 5, 3),
('(ATL)', 6, 1),
('(BAR)', 7, 4),
('(BAY)', 8, 2),
('(BEN)', 9, 3),
('(BET)', 10, 4),
('(BIL)', 11, 4),
('(BMG)', 12, 2),
('(BOR)', 13, 5),
('(BOT)', 14, 2),
('(BOU)', 15, 1),
('(BSC)', 16, 2),
('(BUR)', 17, 1),
('(CAE)', 18, 5),
('(CAG)', 19, 3),
('(CAR)', 20, 4),
('(CEL)', 21, 4),
('(CHE)', 22, 2),
('(CRY)', 23, 1),
('(CRZ)', 24, 3),
('(DOR)', 25, 2),
('(DUS)', 26, 2),
('(EIB)', 27, 4),
('(ESP)', 28, 4),
('(EVE)', 29, 1),
('(FCA)', 30, 2),
('(FIO)', 31, 3),
('(FRA)', 32, 2),
('(GAL)', 33, 5),
('(GET)', 34, 4),
('(GIR)', 35, 4),
('(GRA)', 36, 4),
('(GRO)', 37, 2),
('(HKI)', 38, 2),
('(HOF)', 39, 2),
('(HUE)', 40, 4),
('(IMI)', 41, 3),
('(INT)', 42, 1),
('(JUV)', 43, 4),
('(KOL)', 44, 2),
('(LAG)', 45, 2),
('(LAZ)', 46, 3),
('(LEC)', 47, 3),
('(LEE)', 48, 1),
('(LEI)', 49, 1),
('(LEN)', 50, 5),
('(LEV)', 51, 2),
('(LIL)', 52, 5),
('(LIV)', 53, 3),
('(LOK)', 54, 5),
('(LYO)', 55, 5),
('(MAI)', 56, 2),
('(MAR)', 57, 5),
('(MNC)', 58, 1),
('(MNU)', 59, 1),
('(MON)', 60, 2),
('(MPE)', 61, 5),
('(NAN)', 62, 2),
('(NAP)', 63, 3),
('(NEW)', 64, 1),
('(NIC)', 65, 5),
('(NOR)', 66, 1),
('(OSA)', 67, 4),
('(PAR)', 68, 3),
('(PSG)', 69, 5),
('(RAN)', 70, 1),
('(RBL)', 71, 2),
('(REN)', 72, 5),
('(CAL)', 73, 3),
('(RMA)', 74, 1),
('(ROM)', 75, 3),
('(DEP)', 76, 4),
('(SAM)', 77, 3),
('(SAS)', 78, 3),
('(SCF)', 79, 2),
('(SCH)', 80, 2),
('(SEV)', 81, 4),
('(SIV)', 82, 5),
('(SOC)', 83, 4),
('(SOU)', 84, 1),
('(STE)', 85, 5),
('(STP)', 86, 2),
('(STR)', 87, 5),
('(SVW)', 88, 2),
('(TOR)', 89, 3),
('(TOT)', 90, 1),
('(UDI)', 91, 3),
('(UNB)', 92, 2),
('(VAL)', 93, 4),
('(VER)', 94, 3),
('(VfB)', 95, 2),
('(VIL)', 96, 3),
('(WAT)', 97, 1),
('(WHU)', 98, 1),
('(WOB)', 99, 2),
('(WOL)', 100, 1);

-- --------------------------------------------------------

--
-- Structure de la table `table_joueur`
--

CREATE TABLE `table_joueur` (
  `ID` int(11) NOT NULL,
  `NomPrenom` varchar(25) DEFAULT NULL,
  `Nationalité` varchar(14) DEFAULT NULL,
  `id_joueur_club` int(11) DEFAULT NULL,
  `Age` varchar(2) DEFAULT NULL,
  `lien_image` varchar(117) DEFAULT NULL
) ENGINE=InnoDB DEFAULT CHARSET=utf8;

--
-- Déchargement des données de la table `table_joueur`
--

INSERT INTO `table_joueur` (`ID`, `NomPrenom`, `Nationalité`, `id_joueur_club`, `Age`, `lien_image`) VALUES
(1, 'Adrien Hunou', 'Francaise', 72, '35', 'https://encrypted-tbn0.gstatic.com/images?q=tbn:ANd9GcTrrXaWT5wD7cE2x-RaNGC2SayxipJ7YdefX4divSKAlT63hc2MvgusslC0og&s'),
(2, 'Adrien Thomasson', 'Francaise', 85, '28', 'https://encrypted-tbn0.gstatic.com/images?q=tbn:ANd9GcT9qcdjg5jW3puy-LpgppbXzSUWgw-DmOXf2fHEP0H4F1tB8-696Wx0y3IQfw&s'),
(3, 'Aduriz', 'Espagnole', 11, '28', 'https://encrypted-tbn0.gstatic.com/images?q=tbn:ANd9GcTo9TFGU7tZ_RV0etXMvQ-C7ku8byWGVhcMWXDcShL6vFO-sebZHdPTD3vY2g&s'),
(4, 'Alassane Plea', 'Brésilienne', 12, '23', 'https://encrypted-tbn0.gstatic.com/images?q=tbn:ANd9GcTi8VKXcOIEbqvum1VlxFOjR5PkaVhFJ0-n6YcU-1-HX0b9PsFhCbJLO1UTYVs&s'),
(5, 'Alejandro Gomez', 'Argentine', 5, '28', 'https://encrypted-tbn0.gstatic.com/images?q=tbn:ANd9GcQYCPVxv0G1LvzJtPfhUi_RSC_iR4at4P7SfXztBfKiABwr82Riu-ofqKu8Zw&s'),
(6, 'Alexandre Lacazette', 'Francaise', 4, '25', 'https://encrypted-tbn0.gstatic.com/images?q=tbn:ANd9GcQj7C_bbijgp-nw1P5NQoIvgcUfLYpxjw-XOoT4mJcIzKN5Qisvamb5dGStAss&s'),
(7, 'Alexis Sanchez', 'Chili', 42, '32', 'https://encrypted-tbn0.gstatic.com/images?q=tbn:ANd9GcTZ-VHVwdhMY4RzBTbal5IGOds0Qmri1pulxShgJxcF__7q97TgnOoqho1Lgro&s'),
(8, 'Alfred Finnbogason', 'Islandaise', 30, '30', 'https://encrypted-tbn0.gstatic.com/images?q=tbn:ANd9GcQUNtXzL5X-gbBtATD0XBKvI2H1ImODKaWFCGzFOT8dbqUWU93ppAZfk3ut7g&s'),
(9, 'Andre Silva', 'Portugaise', 32, '28', 'https://encrypted-tbn0.gstatic.com/images?q=tbn:ANd9GcR5x0J7Ek_3OcENXJG4zKeSRb8fw84MPPhCi4OAZ7kKmannhu6tKpAtK1DZnw&s'),
(10, 'Andrea Belotti', 'Italienne', 87, '26', 'https://encrypted-tbn0.gstatic.com/images?q=tbn:ANd9GcSawQcJILIVnXc5fPikd3X3yKHYk7fcp3R8ayTEybe6B1AMOXsLdUlu3ejfv9A&s'),
(11, 'Andrea Petagna', 'Belge', 63, '20', 'https://encrypted-tbn0.gstatic.com/images?q=tbn:ANd9GcSoLw84GZKINIm_H4L9iC1hixBkjMTmdpK1efV6c4CzgasMm8EjQg7ir6LfqQ&s'),
(12, 'Andreas Cornelius', 'Danoise', 68, '26', 'https://encrypted-tbn0.gstatic.com/images?q=tbn:ANd9GcTWjTnC_5k8_TWpqV-VUx-FMxwAdFB5a_vQL715mfa_ciPPGBx_v4s3k9Vqbg&s'),
(13, 'Andrej Kramaric', 'Croate', 39, '29', 'https://encrypted-tbn0.gstatic.com/images?q=tbn:ANd9GcTu721rCAjfHk2IUf3DPSNsL2yKQXhh_iKe_n59OnsZc5dhtT9wiRqb_uQcnQ&s'),
(14, 'Andy Delort', 'Polonaise', 61, '33', 'https://encrypted-tbn0.gstatic.com/images?q=tbn:ANd9GcTnY-Qr9efCbp6swDNtU19aBWHLGXWnYAmOviYt9rdaqDfAMDCvSNs13jHOvg&s'),
(15, 'Angel Di Maria', 'Argentine', 69, '26', 'https://encrypted-tbn0.gstatic.com/images?q=tbn:ANd9GcRzK76JceyUvdY0oLb1gtb2o_66Y3kftV1iOiardaZKKfN6Bfbo3fL2W9SAPw&s'),
(16, 'Angel Rodriguez', 'Espagnole', 34, '24', 'https://encrypted-tbn0.gstatic.com/images?q=tbn:ANd9GcT4PrSsBh9lyoY5pN--K2Nl_rKSQoJZj4boWAqawxVvtY3Z8kpU7f9bJuKTbw&s'),
(17, 'Ante Budimir', 'Croate', 67, '21', 'https://encrypted-tbn0.gstatic.com/images?q=tbn:ANd9GcRGQ9-nq5YGpsPCJ5_o-AqNOV4XcFap74ga_85kpNyT3NCi7zkMPoskbfY7Xg&s'),
(18, 'Ante Rebic', 'Croate', 1, '29', 'https://encrypted-tbn0.gstatic.com/images?q=tbn:ANd9GcRPBTBU1jBmdys97aFB3BF0CnmOC6g9mToeVDe2DXaVuzSYZ87Dq9l40VV7JyM&s'),
(19, 'Anthony Martial', 'Francais', 59, '27', 'https://encrypted-tbn0.gstatic.com/images?q=tbn:ANd9GcSiDx84T9Zn1vikunWb-jS6uMpx5X6iwZ6HE9v4UVqkRZKCG_eEaZOrE70tkg&s'),
(20, 'Anthony Modeste', 'Francaise', 44, '23', 'https://encrypted-tbn0.gstatic.com/images?q=tbn:ANd9GcSgRT7oi5U7NVI9x9a5-TVa5_R66dknbmBGvqDcm-fFtbeIDp5EdAUU7gOLVA&s'),
(21, 'Antoine Griezmann', 'Francaise', 7, '29', 'https://encrypted-tbn0.gstatic.com/images?q=tbn:ANd9GcS3l_LEefTLEs0n-KIh5i5wjhHkt7DzlZiZM807vkv90UI2o50__hZnpRRG6w&s'),
(22, 'Arjen Robben', 'Néerlandaise', 37, '29', 'https://encrypted-tbn0.gstatic.com/images?q=tbn:ANd9GcTswYh9H02AK3TmZz2c_SZCHyB5-OgTdiBJmDGN_8hTyMcV6cgdNyWzolfRBw&s'),
(23, 'Arkadiusz Milik', 'Italienne', 63, '34', 'https://encrypted-tbn0.gstatic.com/images?q=tbn:ANd9GcQIOUFWWEgZtYzMs5pkASYy_5uglnTWu0Gi2T_YTWEbpJ9rIrluppTw31fVMA&s'),
(24, 'Ashley Barnes', 'Slovaque', 17, '24', 'https://encrypted-tbn0.gstatic.com/images?q=tbn:ANd9GcTEsX7HaJtlECTbt1ZGn4wsTCv5YGYPwuglRMJUSafMYbmYK-4ZRsWGJq2VDw&s'),
(25, 'Ayoze Perez', 'Espagnole', 49, '25', 'https://encrypted-tbn0.gstatic.com/images?q=tbn:ANd9GcRKBKpS-AUeSMhXHFMEvIxm4jqK5iAQFyDroEZFWP9GsYZqpx18SuWiK-E3_w&s'),
(26, 'Benito Raman', 'Belge', 78, '29', 'https://encrypted-tbn0.gstatic.com/images?q=tbn:ANd9GcTP8frly-As2wdsDI3mrWSNwFgp7s-B90uAk0X1HcxMImLgb5rDv16Tf20cWjA&s'),
(27, 'Borja Iglesias', 'Serbe', 10, '21', 'https://encrypted-tbn0.gstatic.com/images?q=tbn:ANd9GcQTVS2AGLZKVfGj6aPhZoo0KH1UJk4daX__y3r8Y83brjpbLHIWHkm8JALkfQ&s'),
(28, 'Burak Yilmaz', 'Turque', 52, '29', 'https://encrypted-tbn0.gstatic.com/images?q=tbn:ANd9GcRS89VNY9q5NxTIaollBjMVvI-Kv_VIiJwFSRIHKyou5VmV_12TT3v8RwZ-FrI&s'),
(29, 'Callum Wilson', 'Argentinienne', 64, '28', 'https://encrypted-tbn0.gstatic.com/images?q=tbn:ANd9GcSWFFmXbNtRAA9ObqWY2RWBVjdpxXAhRYGDkh3x_BipdSm8vhw-ACvVusppcEs&s'),
(30, 'Carlos Bacca', 'Colombienne', 94, '29', 'https://encrypted-tbn0.gstatic.com/images?q=tbn:ANd9GcSdWDpIDt5WMcPj_61pJIZdTqz8cx0XBos97mm4PRGUCcBqDDVlhBWv7i6c_9Y&s'),
(31, 'Carlos Fernandez', 'Espagnole', 79, '29', 'https://encrypted-tbn0.gstatic.com/images?q=tbn:ANd9GcR1jKHZ4hkmhudfaUTcwujrmKOoZxcy2rOYNjJmzM_O4lWlilERNAQkhHAKhA&s'),
(32, 'Cedric Bakambu', 'Congolaise', 81, '34', 'https://encrypted-tbn0.gstatic.com/images?q=tbn:ANd9GcTJQXljkdsP2rzDH2OXhsd5oRYwsQlPBUY_nwWJQubmyv1i6Iku-qFe_gLbpac&s'),
(33, 'Chicharito', 'Mexicain', 45, '31', 'https://encrypted-tbn0.gstatic.com/images?q=tbn:ANd9GcSgJMMmgPWaRvj6AlkL1HrseVbP6x8TFY8WulXaTKz8rWPqgR3lGjFMr2BqiA&s'),
(34, 'Chimy Avila', 'Argentinienne', 67, '23', 'https://encrypted-tbn0.gstatic.com/images?q=tbn:ANd9GcSubWso3nRPRIrp3WnPd5E01CPnSykMtvMG2PvXfvqaidaJAmc1IbpooRd98Q&s'),
(35, 'Chris Wood', 'Néo-Zélandaise', 17, '28', 'https://encrypted-tbn0.gstatic.com/images?q=tbn:ANd9GcQKneSEoXXzHWhMP8V7EjNs3CZd1bxmwOUL7sJ7aCRy6ZPVK8gC2ywUE3gsqQ&s'),
(36, 'Christian Benteke', 'Belgique', 23, '22', 'https://encrypted-tbn0.gstatic.com/images?q=tbn:ANd9GcS-oIFl3RenUFTPNMPAxPakFBPhHN9C-iR8XF3A8RV6TV9Z3KDR3KMGwJcv3Q&s'),
(37, 'Ciro Immobile', 'Italienne', 46, '26', 'https://encrypted-tbn0.gstatic.com/images?q=tbn:ANd9GcS5Ujbh9LQLv96rViJiWnJlEk8V7sgsTXxDjhMrgKGvD-wTEcgRVxNpwvZ1N70&s'),
(38, 'Cristhian Stuani', 'Uruguayenne', 35, '28', 'https://encrypted-tbn0.gstatic.com/images?q=tbn:ANd9GcScVgDG7NcezsUUY57SjJYwdy_Z7d6w1gAlmuSaSiWo7BsKElemsqJXOEzK8A&s'),
(39, 'Cristiano Ronaldo', 'Portugaise', 43, '29', 'https://encrypted-tbn0.gstatic.com/images?q=tbn:ANd9GcS2-SbpoRNCqCsyIJzxcQRwpRaANXpJv9dMpIi8zHxJEm0HjdeUJM3BlAkbocc&s'),
(40, 'Cyril Thereau', 'Francaise', 73, '25', 'https://encrypted-tbn0.gstatic.com/images?q=tbn:ANd9GcQiy51UiJ0JWMEvzNJ_eoGwj6KMt1VBw_27hOfeTJvi9ynz3-3xED2a8ShhOg&s'),
(41, 'Daniel Didavi', 'Allemande', 93, '23', 'https://encrypted-tbn0.gstatic.com/images?q=tbn:ANd9GcRL2lGr1_KV1hGzPIxO__TSs43TC0DH-3zw0V2duzG0Dr3E5ZR1VBcdYYAHtZo&s'),
(42, 'Danny Ings', 'Anglaise', 82, '35', 'https://encrypted-tbn0.gstatic.com/images?q=tbn:ANd9GcQxyatba-oktMD5y70W9AoKDOIaPwW_kSwoZzMTJ4sGsx2uHM1E0MLPvAfhAQ&s'),
(43, 'Dario Benedetto', 'Argentine', 57, '24', 'https://encrypted-tbn0.gstatic.com/images?q=tbn:ANd9GcTrZLkGU7KXydeh2TIEyPeDKcuqpqlLDrVlEOCPsadqMS721jWH5UPV4iu8eQ&s'),
(44, 'Davie Selke', 'Allemande', 86, '21', 'https://encrypted-tbn0.gstatic.com/images?q=tbn:ANd9GcQFGzjn-9u_JTgCv4ZyTea3Iv9aypWyyzzcgBihPuwoeK56dUWq0civaaogZA&s'),
(45, 'Dele Alli', 'Angleterre', 88, '29', 'https://encrypted-tbn0.gstatic.com/images?q=tbn:ANd9GcTKjxXKVebT3lray0_csJqt92rqgFWOUyCVDRfogiH33VkXnmywSysPIRB74A&s'),
(46, 'Denis Bouanga', 'Gabonaise', 83, '21', 'https://encrypted-tbn0.gstatic.com/images?q=tbn:ANd9GcSqNYY_TcbLXr-ibnKk4542l45nE48_IIfsfFIUjNV7QbRZECqZnFdKsABA-w&s'),
(47, 'Diego Costa', 'Espagne', 6, '26', 'https://encrypted-tbn0.gstatic.com/images?q=tbn:ANd9GcRBhk5hhPNAg0d9brnHPGqE7J94fRgZvcRTWOzKs2_nU84hFOllhmrGyIzZCbU&s'),
(48, 'Diego Falcinelli', 'Italienne', 24, '28', 'https://encrypted-tbn0.gstatic.com/images?q=tbn:ANd9GcRXJ3gcnXpmRIDm48kiTkMxiWec33DrSBGcy8Aw8yPRq8ZzP4RlOhqIQI724ws&s'),
(49, 'Dimitri Payet', 'Francaise', 57, '24', 'https://encrypted-tbn0.gstatic.com/images?q=tbn:ANd9GcSJfCo9hWOyKUwHDS038Rm1FiIYmXoI6bGCL2_3Xc9fWKp5rTMvv6Emr2MHtk4&s'),
(50, 'Domenico Berardi', 'Italienne', 76, '20', 'https://encrypted-tbn0.gstatic.com/images?q=tbn:ANd9GcTwiWLeMyiwSQIyZUhaNbrzSJ3hQ9VthE1kYxK6rL_DI3yXAlFz9wkcQPx-1cQ&s'),
(51, 'Dominic Calvert-Lewin', 'Anglaise', 29, '32', 'https://encrypted-tbn0.gstatic.com/images?q=tbn:ANd9GcRem3BbrwRQk3OupQq7rvt4kKyTPw3--_jvWSqaxFm0ijgzIUaxYhh-yp_2jVs&s'),
(52, 'Dries Mertens', 'Belge', 63, '26', 'https://encrypted-tbn0.gstatic.com/images?q=tbn:ANd9GcSm6sKXT308vM7EiuiX9RRZZ0OUwvWc1nuc1f9SG41AvJfoj6uc8t3XoG6PJQ&s'),
(53, 'Duvan Zapata', 'Colombienne', 5, '24', 'https://encrypted-tbn0.gstatic.com/images?q=tbn:ANd9GcSVZSOf3sXyzXm2g_e2r0dx8RGfzqdMUaox0prDxMS-6icd2y2YdpwZmv-hVw&s'),
(54, 'Eden Hazard', 'Belgique', 73, '26', 'https://encrypted-tbn0.gstatic.com/images?q=tbn:ANd9GcRq20jO9paR3k9-P70gedSQ3Vr2miMpw89Xzg1gpagpbYseDo6Eo2L4B8JAHyU&s'),
(55, 'Edin Dzeko', 'Bosnienne', 74, '27', 'https://encrypted-tbn0.gstatic.com/images?q=tbn:ANd9GcShgOLYYm8EnDFu-sQAJJjn-F_C5h9FEOomjOAxaO9Vwjyojh3_VqinynJeDhc&s'),
(56, 'Edinson Cavani', 'Allemande', 59, '22', 'https://encrypted-tbn0.gstatic.com/images?q=tbn:ANd9GcQwyVSuNtO7NiGenaiLuBU_acKgInMb6-EDQB4XVLqc0kijUaBqpi9x92fJgbo&s'),
(57, 'Emil Forsberg', 'Suédois', 71, '30', 'https://encrypted-tbn0.gstatic.com/images?q=tbn:ANd9GcTGVua2FkHnb8X_j6n2bUumTibBGSBRiysdYd4BJSYvPrSS_k6u8l6D7qrP7eM&s'),
(58, 'Emiliano Sala', 'Guinéenne', 18, '26', 'https://encrypted-tbn0.gstatic.com/images?q=tbn:ANd9GcStTy8jT9lPtQWum5ZWH-O1PnFJT2FwrHL-vWlgX-IGr0yCzbXKEpg_x9Fk2A&s'),
(59, 'Erling Haaland', 'Norvégien', 25, '31', 'https://encrypted-tbn0.gstatic.com/images?q=tbn:ANd9GcT53iMOz_L0GHBuxHVNWRQ15c8ja-cXqRG196SgI3jcI6Hm0D_liqLSZmKQ6lQ&s'),
(60, 'Fabio Quagliarella', 'Italienne', 75, '34', 'https://encrypted-tbn0.gstatic.com/images?q=tbn:ANd9GcSDYzJ379RHTEU6IwpZWYvkkFsr3Mgdslr9gIks2W4claHROhMQIrxGamL-4w&s'),
(61, 'Falcao', 'Colombienne', 33, '30', 'https://encrypted-tbn0.gstatic.com/images?q=tbn:ANd9GcSS_5W9Z6j1e1iF1WwgLgvYO-SnLsIP76WCfTnLA4WD1SU7-z2TFdEwdQAduOA&s'),
(62, 'Fernando Llorente', 'Espagne', 63, '28', 'https://encrypted-tbn0.gstatic.com/images?q=tbn:ANd9GcQKtyDFRgqWsC_4coq7R-MPg6ZbYJlrIBQbAXip3EnLVUs5823Ku6ghunRN4Q&s'),
(63, 'Fin Bartels', 'Allemand', 38, '30', 'https://encrypted-tbn0.gstatic.com/images?q=tbn:ANd9GcTwOWUrNIiwZtWm1gPTuR8S9lUxzuLx9cQtglzQOWWcLWxmM_2GXH_MFauyPX4&s'),
(64, 'Florian Niederlechner', 'Allemand', 30, '28', 'https://encrypted-tbn0.gstatic.com/images?q=tbn:ANd9GcT2rBlaXzTP9p4z-vFj72JSNGrbV6DQhR2FzqkE6q2uHBVPBySlgAZ1sCEWHZw&s'),
(65, 'Florian Thauvin', 'Argentinienne', 57, '20', 'https://encrypted-tbn0.gstatic.com/images?q=tbn:ANd9GcTyD1OLNP8kTRiLed5dWXGed3duoBUfZPEFwuWXJ-l9dR5rP8dgu2bH6YrAeA&s'),
(66, 'Florin Andone', 'Roumaine', 74, '29', 'https://encrypted-tbn0.gstatic.com/images?q=tbn:ANd9GcRmTik4moO9qvGtnqXw6wkyeXgPYrc5bvSmrFAk7G8Dxt94u3qKQsHQM1gsprk&s'),
(67, 'Francesco Caputo', 'Italienne', 76, '21', 'https://encrypted-tbn0.gstatic.com/images?q=tbn:ANd9GcRRW138uopSBxfC-GTh4zxp0mtB59IJBv_gJ4Vh8Uo08PY5wp6zu0t6wChtUQ&s'),
(68, 'Francois Kamano', 'Francaise', 54, '25', 'https://encrypted-tbn0.gstatic.com/images?q=tbn:ANd9GcTmDbW3Ivyc9e0-yiWU66aOMusR1S9TOIjnq6uJg7YzSFZC7T0oq4r-kHCnGUA&s'),
(69, 'Gabriel Jesus', 'Brezilienne', 58, '20', 'https://encrypted-tbn0.gstatic.com/images?q=tbn:ANd9GcQozGDOTTX4vQFEPPWAjq02E0JiVN4z5UJBeqjcNITXq_Vs2RlM-JEdPiC69g&s'),
(70, 'Gael Kakuta', 'Congolaise', 50, '29', 'https://encrypted-tbn0.gstatic.com/images?q=tbn:ANd9GcSuZxrBKUYTe08in0H3Em26Aoh8928XRwbGqqrrdNDAt63ZNsexVDC6GvH-gG8&s'),
(71, 'Gaetan Laborde', 'Algérienne', 61, '30', 'https://encrypted-tbn0.gstatic.com/images?q=tbn:ANd9GcRv2RWffZZ7tA_Wp2Y9-69PizxAukbvkmDnAKUAy_DsCdZRML5nf_OOTCBL8ts&s'),
(72, 'Gareth Bale', 'Galloise', 88, '25', 'https://encrypted-tbn0.gstatic.com/images?q=tbn:ANd9GcSAz74lFVqn2wmK0oIGpJ1fM23nZTX_YsNAqYthytyjvxdyieEDupE1E9oOEKM&s'),
(73, 'Gerard Moreno', 'Espagnole', 94, '30', 'https://encrypted-tbn0.gstatic.com/images?q=tbn:ANd9GcTtThsZUTGRoPCqU9NVITpnvtH4ViLw7OADvXFeNttaKC05HSLq7G5tt0fQUw&s'),
(74, 'Gervinho', 'Ivoirien', 68, '21', 'https://encrypted-tbn0.gstatic.com/images?q=tbn:ANd9GcQr4mWCYAij_3YmYwP6Uqo9EqgMszQS9dpq6Z0H0_p317hNUImZ04CLt2UflYU&s'),
(75, 'Gianluca Lapadula', 'Italienne', 9, '23', 'https://encrypted-tbn0.gstatic.com/images?q=tbn:ANd9GcRyEdK_bXIW348d9jQIFnKCOPBvaE-acksUv05VJMTZm8MBp8Yml21rhUyoGA0&s'),
(76, 'Giovanni Simeone', 'Argentine', 19, '20', 'https://encrypted-tbn0.gstatic.com/images?q=tbn:ANd9GcRvzoC8K-h67L4OZRCClmguGS4vss5Y2i56iSjBUjkuJpT4VUFGSmVAQcPzJJA&s'),
(77, 'Glenn Murray', 'Anglaise', 95, '22', 'https://encrypted-tbn0.gstatic.com/images?q=tbn:ANd9GcSSqZvaT-No-aDQ-ipiWNU67mbLDnUImjxdl_oihDJgmM5rakT0pA6hU-Yw_A&s'),
(78, 'Gonzalo Higuain', 'Argentine', 41, '24', 'https://encrypted-tbn0.gstatic.com/images?q=tbn:ANd9GcT0dGPnhxusGg8yo-MAXPV3k404NV9RtP_I32YBN1A-21fJ1s8E3BrKPMJQnGg&s'),
(79, 'Gregoire Defrel', 'Francaise', 76, '24', 'https://encrypted-tbn0.gstatic.com/images?q=tbn:ANd9GcTNwcLlLBoI5gekVlvaK0byzk0LIVAoOfuKtYU_vt3C0Q9uDprScUJ4hy71Dw&s'),
(80, 'Guido Burgstaller', 'Autrichien', 84, '25', 'https://encrypted-tbn0.gstatic.com/images?q=tbn:ANd9GcQYoW0Uv5MBPrJ9LJN-o7U0XgEiV7gPod3iuWu1mYNYVm_qRX1Lc09iKTYx2A&s'),
(81, 'Gylfi Sigurdsson', 'Islandaise', 29, '26', 'https://encrypted-tbn0.gstatic.com/images?q=tbn:ANd9GcRj6SZBqKeIE_5fKmWXfAcKSM3FtQZe_GG_jwUOKUO7SLmhc03q0cmZQ9QA6pQ&s'),
(82, 'Habib Diallo', 'Sénégalaise', 85, '26', 'https://encrypted-tbn0.gstatic.com/images?q=tbn:ANd9GcT_kLGlDNNbuaEru29HHiG4AKz6Q7gWcSFYjd0wNgR5sW4ZL4yajvkRLt3dzOM&s'),
(83, 'Harry Kane', 'Angleterre', 88, '32', 'https://encrypted-tbn0.gstatic.com/images?q=tbn:ANd9GcRohaBFmgWO8gRwn743ZLLkqxQ7DiG2FHGE5Ca9IukJN8TGdWKEw25A6e96Bz4&s'),
(84, 'Iago Aspas', 'Espagnole', 21, '22', 'https://encrypted-tbn0.gstatic.com/images?q=tbn:ANd9GcQTfxNBST5zQoGNHEcSe9py1ReAZzJxtNUAoDfDCWjoyZhfmXq5653RKD73ekY&s'),
(85, 'Iago Falque', 'Espagnole', 9, '26', 'https://encrypted-tbn0.gstatic.com/images?q=tbn:ANd9GcS5nn5bOzi3fkWYO80ljdto0X8uIaX8hc9ARhvLgvpTu-7Nmt-1LobqzY-eLQ&s'),
(86, 'Inaki Williams', 'Anglaise', 11, '27', 'https://encrypted-tbn0.gstatic.com/images?q=tbn:ANd9GcQpzfftyKcn5S_bYUYolTx1W9cpx7TTaM6ytjj8-U5W71OJZBjV4rfcksSDtNc&s'),
(87, 'Isco', 'Espagnole', 73, '29', 'https://encrypted-tbn0.gstatic.com/images?q=tbn:ANd9GcQ39ioSLmEHRYuFyd-j8BvbfjXi1X7aGPzN4zEDo6LY1Gt8a93scdZ7_iyRmQ&s'),
(88, 'Ishak Belfodil', 'Algérienne', 39, '24', 'https://encrypted-tbn0.gstatic.com/images?q=tbn:ANd9GcQZzB4LxLFCU2fGBicTOG5trNJ_0QU3NCwqUvZuhCRDKNXjKDGwnVdHZNQ9bDc&s'),
(89, 'Islam Slimani', 'Algérienne', 49, '22', 'https://encrypted-tbn0.gstatic.com/images?q=tbn:ANd9GcQ4WloZPTz2fN1BBsldDzhPCYpWeb0___Np3XOlQesrYR2qdsJWdd2fy5YanA&s'),
(90, 'Ivan Perisic', 'Croate', 42, '27', 'https://encrypted-tbn0.gstatic.com/images?q=tbn:ANd9GcRW-80Y4T-DmWVJPZOuUf2j2QUjSpgtyQ7yIAjmGexsl7z-iZxJXjAGrNTNIQ&s'),
(91, 'Jadon Sancho', 'Anglaise', 25, '26', 'https://encrypted-tbn0.gstatic.com/images?q=tbn:ANd9GcTgblkGyGVsyV1gf_Iyo3m2prCsm19_XrW2AUGKDZGdBW37adu6VRje6ETIpAs&s'),
(92, 'Jaime Mata', 'Espagnole', 34, '24', 'https://encrypted-tbn0.gstatic.com/images?q=tbn:ANd9GcSwjHjroQ_wfg14c1W0cRZfCb5gvYCxYsnpc40bs4QhPTNySHIKuGf_U4u_aQ&s'),
(93, 'James Ward-Prowse', 'Anglaise', 82, '24', 'https://encrypted-tbn0.gstatic.com/images?q=tbn:ANd9GcR6xvCbJ2TLcoSx1AQ7Dd0mXoU5oey4Xl9CL6DoXOlsc8Wi8lP1wSBLDuTYQQ&s'),
(94, 'Jamie Vardy', 'Angleterre', 49, '28', 'https://encrypted-tbn0.gstatic.com/images?q=tbn:ANd9GcS1z7IUvfTvXDynuR-SWKxzirWMSZW2XZQM5NSFPzWdF-pvIK4lASeMZ599tA&s'),
(95, 'Jarrod Bowen', 'Anglaise', 95, '25', 'https://encrypted-tbn0.gstatic.com/images?q=tbn:ANd9GcSa6FZwPjbaNPyERGk7504KNmbcqEBkjp4c19Qn5B2NG5f-S6OvSNMu8-Y5UA&s'),
(96, 'Jean-Kevin Augustin', 'Francaise', 62, '26', 'https://encrypted-tbn0.gstatic.com/images?q=tbn:ANd9GcRH_KBSi3zsST29lCVzCpnmMiXS80KGH0n5GiGemaOL0VwYqlln606FkSalWTU&s'),
(97, 'Jean-Philippe Mateta', 'Francaise', 56, '24', 'https://encrypted-tbn0.gstatic.com/images?q=tbn:ANd9GcR5AVIhITGiLhGePe9wMuvXqv9LkADCoNbA2ksXx2BB06-yUqptZnyColv34A&s'),
(98, 'Jermain Defoe', 'Angleterre', 70, '28', 'https://encrypted-tbn0.gstatic.com/images?q=tbn:ANd9GcRPcGxt9Gn3lssIiKcqcB0daVZnTKc59PRRvjcPfLxFG2MB1KzJF6gpLPWD6w&s'),
(99, 'Jhon Cordoba', 'Colombienne', 16, '31', 'https://encrypted-tbn0.gstatic.com/images?q=tbn:ANd9GcTGbyEV7ux86gzik6AROcOMarj7d59LyZBWwfE39HX8h3PFLD8LYKiErk4VJA&s'),
(100, 'Joao Pedro', 'Brésilienne', 19, '33', 'https://encrypted-tbn0.gstatic.com/images?q=tbn:ANd9GcS3lc1llOQurCqRUXNeW6PbwO_raC9FvDWgPUVoZpJ7leYHU67_MKSwVinR70Y&s'),
(101, 'Jonathan Bamba', 'égyptienne', 52, '31', 'https://encrypted-tbn0.gstatic.com/images?q=tbn:ANd9GcTb6b4LPg6wzYWeZMpvzxTyo-4DG9Xsf-589AhIokwz74hqx1x5wTQrEFrslQ&s'),
(102, 'Jorge Molina', 'Espagnole', 36, '27', 'https://encrypted-tbn0.gstatic.com/images?q=tbn:ANd9GcRSCoCUpx0PSgBhwMV23j9OsCJdesJSZjQOEOQu1c6JOrb3Xfs-y4NKsx3gnuc&s'),
(103, 'Jose CallejOn', 'Espagnole', 31, '32', 'https://encrypted-tbn0.gstatic.com/images?q=tbn:ANd9GcSlXvvcJX_yXgot59mxZPKDgNlqmMtoLA-DZom7OGI0dDp4zSDItgGbmAayw7g&s'),
(104, 'Joselu', 'Espagnole', 2, '27', 'https://encrypted-tbn0.gstatic.com/images?q=tbn:ANd9GcRh6V_vAT1tIlVp23sQhtZyPtVeg5BPQxRPuP5ntMeEYIXQMuW7Cg9JPfM7KDY&s'),
(105, 'Joshua King', 'Norvégien', 15, '35', 'https://encrypted-tbn0.gstatic.com/images?q=tbn:ANd9GcTlc-HqdYwm1ZTLUwayPHWmURlV0zxqgSsHq5KATQq97wMVlppSdsCWfO1Xaoc&s'),
(106, 'Josip Ilicic', 'Slovéne', 5, '25', 'https://encrypted-tbn0.gstatic.com/images?q=tbn:ANd9GcRNauJOeRubZ54tOdeJ_uysq6DcPl4hA2yMJi-5WjFYnM_Lvm9AIj5lVktpFA&s'),
(107, 'Juanmi Callejon', 'Espagnole', 10, '24', 'https://encrypted-tbn0.gstatic.com/images?q=tbn:ANd9GcQBP0VDsTRtLGHLL3oHEKCVsHvBQNwrGotJ2tbwMreiJnt1DUXZljan_Mk7pQ&s'),
(108, 'Julian Brandt', 'Allemande', 25, '31', 'https://encrypted-tbn0.gstatic.com/images?q=tbn:ANd9GcRRG3iHV7YYd1ilZJn9YioEf5LmOcDDg-U-5M_1XPJYDqCjZNeUs6OIevffhw&s'),
(109, 'Kai Havertz', 'Allemande', 22, '35', 'https://encrypted-tbn0.gstatic.com/images?q=tbn:ANd9GcS9zYtuzdhHnKAPo6pRLOa7PLQGVjkq_VKR-gmOjzCCG10Jl9T-f3aYIRFn2A&s'),
(110, 'Karim Benzema', 'Francaise', 73, '28', 'https://encrypted-tbn0.gstatic.com/images?q=tbn:ANd9GcSMj4kQffkragXiKmGp7VIrns-crdJ2D65nIz11gznJqVgWjxttoyW3uAB1zQ&s'),
(111, 'Kasper Dolberg', 'Danois', 65, '24', 'https://encrypted-tbn0.gstatic.com/images?q=tbn:ANd9GcSSH6ZJG27kw1an74f9G_jRZQqAo8PH5Jv2dzQP81_aP6eknaviOQUhl4uZ5g&s'),
(112, 'Keita Balde', 'Sénégalaise', 75, '26', 'https://encrypted-tbn0.gstatic.com/images?q=tbn:ANd9GcRbdUSGkRpEIQShIizyjIZEu-JPAPkRjQ6wpMkMqlw8VCxWCHEE47WqfBF9e2Q&s'),
(113, 'Kevin De Bruyne', 'Belge', 58, '18', 'https://encrypted-tbn0.gstatic.com/images?q=tbn:ANd9GcQYvPPu4BTxNVEdiyhOo3kn0tbd8T9or55n-_6s5f1WudT71p8s3Vv_snDnUAA&s'),
(114, 'Kevin Gameiro', 'Francaise', 91, '29', 'https://encrypted-tbn0.gstatic.com/images?q=tbn:ANd9GcRW_2cnwpoL6rxk2BuFh7h-yZTZbY_w340uXW359sa-DNCJ8IejB4zBn8YipP4&s'),
(115, 'Kevin Lasagna', 'Italienne', 89, '31', 'https://encrypted-tbn0.gstatic.com/images?q=tbn:ANd9GcS8reiuxMNQD5_h70598YQASa4_NXgqID-1iEropiqvW-GLPndpHWW7yg3vJWw&s'),
(116, 'Kevin Volland', 'Allemande', 60, '21', 'https://encrypted-tbn0.gstatic.com/images?q=tbn:ANd9GcQ13he5icMJOAatOajsNgJVUjDY_bp4wh9iE9mKTK6dc0KNOeeNbFE0g895Rt8&s'),
(117, 'Krzysztof Piatek', 'Portugaise', 16, '26', 'https://encrypted-tbn0.gstatic.com/images?q=tbn:ANd9GcSdxazE9xhH6sn9rIp8bWtqycyMSuurhNK8XrJQn3NUPB7vEjGnNcNDgIlk_Q&s'),
(118, 'Kylian Mbappe-Lottin', 'Francaise', 69, '30', 'https://encrypted-tbn0.gstatic.com/images?q=tbn:ANd9GcR6xNP4axQsiMMZV8aCbJVmojFD9oqhJ72esqXwKQCUGFpSormLid0cRtHK2Q&s'),
(119, 'Lars Stindl', 'Allemand', 12, '30', 'https://encrypted-tbn0.gstatic.com/images?q=tbn:ANd9GcQzGT_JCEIB0B_po4KBQb0lq3RtUB5xEBFYAoCaK8Ugws6labbe8lEzqPuuzpw&s'),
(120, 'Lautaro Martrinez', 'Argentine', 42, '23', 'https://encrypted-tbn0.gstatic.com/images?q=tbn:ANd9GcTuOh1ktqMwKQNaHwTQIrMdIO-rExKHLKHfcyM4UqkV-Fz4Wd6l_1C6nieSRw&s'),
(121, 'Lebo Mothiba', 'Sud-Africaine', 85, '19', 'https://encrypted-tbn0.gstatic.com/images?q=tbn:ANd9GcSL2XgRsKXakLkih4O4IMptk4RI9vu14P8X2UTcyRU8VtwmreJUJtofzAbZtVE&s'),
(122, 'Leon Bailey', 'Jamaïcaine', 51, '22', 'https://encrypted-tbn0.gstatic.com/images?q=tbn:ANd9GcQsvMadt9EmEoBdDrdv0cMdxSYIN4na2DHP9_21zDNYmSqmUaMRzSgrtIiAOQ&s'),
(123, 'Leonardo Pavoletti', 'Italienne', 19, '29', 'https://encrypted-tbn0.gstatic.com/images?q=tbn:ANd9GcSP0yn-t0dYSJWlI1wNu1YPdzKo1PGYWRTLUbsJOqF8U1PwVdNXF4aKtiD18A&s'),
(124, 'Lionel Messi', 'Argentine', 7, '27', 'https://encrypted-tbn0.gstatic.com/images?q=tbn:ANd9GcRFS-pQkd1mZR4pgeAHJxvHnAF5s9-3wqoVzSV_XzPzonhNVcas-ShAwpTwjfw&s'),
(125, 'Loren Moron', 'Espagnole', 10, '23', 'https://encrypted-tbn0.gstatic.com/images?q=tbn:ANd9GcSvmqQ2_Sdahk0W3R_pjiRBHyiaD4cYrUAwOUNLl1J2teoZQTqjpJg5wJEC-Gg&s'),
(126, 'Lorenzo Insigne', 'Italienne', 63, '29', 'https://encrypted-tbn0.gstatic.com/images?q=tbn:ANd9GcRWeuBPIK6wXe3EnMaP4hXcv9Ls6DI-ftg6dkD0ElFvORNSDYYVIqBI6y7sMg&s'),
(127, 'Lucas Ocampos', 'Argentine', 79, '25', 'https://encrypted-tbn0.gstatic.com/images?q=tbn:ANd9GcTqkEAnIly8cEQaq3cXNWtiQBueaWT3VnMF9_lJiq_F3WbIkDZ-WnlUqsfRefA&s'),
(128, 'Lucas Perez', 'Espagnole', 2, '30', 'https://encrypted-tbn0.gstatic.com/images?q=tbn:ANd9GcQvCdvtd26bVWJ6XjaKX14EU07lkrIC3jGnKSvMfc5xDTGFwS-ry4vyq4S0Fg&s'),
(129, 'Ludovic Ajorque', 'Francaise', 85, '30', 'https://encrypted-tbn0.gstatic.com/images?q=tbn:ANd9GcTCWdi0KOvUXc7EBDC6vOTItQGB3O5Bwo_s7EWL4_4thAbhsbRxs8oUp3uMCg&s'),
(130, 'Ludovic Blas', 'Francais', 62, '24', 'https://encrypted-tbn0.gstatic.com/images?q=tbn:ANd9GcRmGXie3L5kM2ddU6j02gC0zm57nfOwNDf5yGsZK1kaYY0quPCyejjhI95lnpc&s'),
(131, 'Luis Alberto', 'Espagnole', 46, '21', 'https://encrypted-tbn0.gstatic.com/images?q=tbn:ANd9GcQ2oPHT1FgQq8sZ99WjzzR3MMSh-iY5Jxk6StH3gINW4BONUrc5dNYzF4aPfko&s'),
(132, 'Luis Muriel', 'Colombienne', 5, '26', 'https://encrypted-tbn0.gstatic.com/images?q=tbn:ANd9GcSEy8IKeaU1OnQDQJVFPgifPQWqfmtYkmVMSdUTqM3WczKcRcO6JoUCOvK7aA&s'),
(133, 'Luis Suarez', 'Uruguayenne', 6, '30', 'https://encrypted-tbn0.gstatic.com/images?q=tbn:ANd9GcTK2ZoDwF4oXc72pgo5x559uBeoBrS8b6LT2sNyQukSAkkkRZFHH_z7N4FjhQ&s'),
(134, 'Luka Jovic', 'Serbe', 73, '23', 'https://encrypted-tbn0.gstatic.com/images?q=tbn:ANd9GcQ23JRMG_Z6ueU0mDNieUFs9M2y0V3drin2W4Pnx9S7siLl8WRMQAP12Q_Ytw&s'),
(135, 'Luka Milivojevic', 'Serbe', 23, '26', 'https://encrypted-tbn0.gstatic.com/images?q=tbn:ANd9GcRScghM79kR5CAKLpqqUJ13ma6nFs7WSYhLcC71EBsD-QDExeU6dcmJKS6xlgQ&s'),
(136, 'MBaye Niang', 'Sénégalaise', 5, '25', 'https://encrypted-tbn0.gstatic.com/images?q=tbn:ANd9GcRhropzOJ27ejBxOa1-RagAUfEqAn4Nq30tG2thu64MepnHFNAz9W4k-M5ivw&s'),
(137, 'Marco Borriello', 'Italienne', 47, '29', 'https://encrypted-tbn0.gstatic.com/images?q=tbn:ANd9GcRb8s2qbKLJ4IbyYJxOGdE5IkIu9NMBlw2vib82Kv96J1-L3htGtETRNgwKGA&s'),
(138, 'Marco Mancosu', 'Italienne', 25, '23', 'https://encrypted-tbn0.gstatic.com/images?q=tbn:ANd9GcTOYUCtrqQTaNb5WdOIA5_au86LPE8jnbdCGsOgZ1iRia4OgyihLec1L-cz6RI&s'),
(139, 'Marco Reus', 'Allemande', 59, '23', 'https://encrypted-tbn0.gstatic.com/images?q=tbn:ANd9GcRij35D2TFr2gwIVOCGTcR_uTl4zd4iX32vgOp-oyFAKqrbWM3P1vi1mZfWOg&s'),
(140, 'Marcus Rashford', 'Anglaise', 12, '22', 'https://encrypted-tbn0.gstatic.com/images?q=tbn:ANd9GcSeGqRKEjlZ-BcsJH5i0LjzmM75OQK-xmMduuy4AOXd0W3uXVYazjVWxBaQiA&s'),
(141, 'Marcus Thuram', 'Francaise', 8, '21', 'https://encrypted-tbn0.gstatic.com/images?q=tbn:ANd9GcQlfot_nvO6B1WelpdsZlP1Qlaaw96ngg3KwZ9ZqHXq0auK2wmvBoCaO31EIA&s'),
(142, 'Mario Gomez', 'Allemand', 43, '29', 'https://encrypted-tbn0.gstatic.com/images?q=tbn:ANd9GcRU9aMHF5pNWPTv8yk5o9JR8TMLdmB-GzCz0rC83TB7fPFZ2ZHJA2hrV_AiSfQ&s'),
(143, 'Mario Mandzukic ', 'Croate', 78, '26', 'https://encrypted-tbn0.gstatic.com/images?q=tbn:ANd9GcSYnVWLTh8Llz0RRAhh87c6Dd5W7QCMr5zJwR57bXVwgiQfeeeLzRHIJIEu7l0&s'),
(144, 'Mark Uth', 'Allemande', 69, '27', 'https://encrypted-tbn0.gstatic.com/images?q=tbn:ANd9GcQUqPyVSBzSzO4ivVkEwrm7Y2f3bgA1Bvt6f-vEzmO1NWdlzHzFjEhrtFSEmQk&s'),
(145, 'Mauro Icardi', 'Argentine', 80, '26', 'https://encrypted-tbn0.gstatic.com/images?q=tbn:ANd9GcQ6AeVOOG5PkUIhf-Ny4vc6YAepq2BHmc4_OhTjaKfPLsceS2coWcQg8Eid&s'),
(146, 'Max Gradel', 'Ivoirienne', 90, '25', 'https://encrypted-tbn0.gstatic.com/images?q=tbn:ANd9GcSkA7jflnhhOwNbW1SDaCHcbB1jbNhPTFZXYuUi58Somg3VZjjXJyt5cC4fZg&s'),
(147, 'Max Kruse', 'Allemand', 91, '25', 'https://encrypted-tbn0.gstatic.com/images?q=tbn:ANd9GcQRBfTW8i23uKqiH2Nykz0gDlw064790itlZ09vFt__QI330zHzd3DOvYcNMeA&s'),
(148, 'Maxi Gomez', 'Uruguayenne', 96, '27', 'https://encrypted-tbn0.gstatic.com/images?q=tbn:ANd9GcRtNxw63p8jUKwpEqth8-n_MAUcMSX7icCuxjcPw6wbAqtWmrrIintBcqnzg3U&s'),
(149, 'Maximilian Philipp', 'Allemand', 72, '28', 'https://encrypted-tbn0.gstatic.com/images?q=tbn:ANd9GcSfN0Dr9kqJAj-sqjB1jm0znFh82a8YR4h_t8aQNzECDJ8RNUE4UPr4Lmiz0jo&s'),
(150, 'Memphis Depay', 'Francaise', 55, '25', 'https://encrypted-tbn0.gstatic.com/images?q=tbn:ANd9GcSsK7QoAZC7OV9IH9oklICEsPqoVwfNDXcqp1jggEQXqxi23Lgi1LcTxd_iAg&s'),
(151, 'Michael Gregoritsch', 'Autrichienne', 30, '25', 'https://encrypted-tbn0.gstatic.com/images?q=tbn:ANd9GcTRchNkBSkH4UWCachf950hn-DRv3dPS4gsBiUvpKD4qhm1e7TYCBBs5nIMyg&s'),
(152, 'Michail Antonio', 'Jamaïcain', 95, '25', 'https://encrypted-tbn0.gstatic.com/images?q=tbn:ANd9GcRAX2mK19WOMpvYmu2SjOUbX6kExVYDgOx4YN7GowFMpdj-MxT2Af3bo0hXgA&s'),
(153, 'Mikel Oyarzabal', 'Espagnole', 81, '26', 'https://encrypted-tbn0.gstatic.com/images?q=tbn:ANd9GcQ5iFmCO2cTmjERlSArBIsEcX6tGlDK07dwDvxO-OMav1TxJLNefPXfVsZtJac&s'),
(154, 'Mirco Antenucci', 'Italienne', 7, '23', 'https://encrypted-tbn0.gstatic.com/images?q=tbn:ANd9GcQKh3DCmASaeGq07bM3naqVXvL1HtQ7jJBglIzm434lswSa-Qgew6BTQRa5Kyg&s'),
(155, 'Mohamed Salah', 'égyptienne', 53, '26', 'https://encrypted-tbn0.gstatic.com/images?q=tbn:ANd9GcQxu5EIIZccRXUaVPVnresEtqQjNPLTMtvzUh3wtHUcMZhuwTYq50jc_1QBZw&s'),
(156, 'Morales', 'Espagnole', 51, '31', 'https://encrypted-tbn0.gstatic.com/images?q=tbn:ANd9GcT4uXX3q6FlRuKCcq4pkz9Vv-sfvNyhASoja9hN9zWMeX8Gf8gOIddhjsjlHtw&s'),
(157, 'Morata', 'Espagnole', 43, '23', 'https://encrypted-tbn0.gstatic.com/images?q=tbn:ANd9GcTCEs3GXymXQGTbOXlgPhUCnsanCQaXneA-rXIV8gAdMh81H3brDJWocx_4TA&s'),
(158, 'Moussa Dembele', 'Néerlandaise', 55, '28', 'https://encrypted-tbn0.gstatic.com/images?q=tbn:ANd9GcQj9F1z6Otr5dcqCSvJR0Y9FglOV6wuqVwlOrnGi0k-JwIF9Tqs_mbVA8mUow&s'),
(159, 'Munir', 'Espagnole', 79, '29', 'https://encrypted-tbn0.gstatic.com/images?q=tbn:ANd9GcRle56MJL3mnQydTlfwf1lTWoiGfz1ah1Gx2pHyCg36y-jglMtBAX1qe_hlIA&s'),
(160, 'Neymar', 'Brésilienne', 69, '34', 'https://encrypted-tbn0.gstatic.com/images?q=tbn:ANd9GcTU-lL4c6jghCDOc1tU2RhuUA-K-2xWTfmLNR1OlfpjDnPk0TnxgJ5BhllaApk&s'),
(161, 'Niclas Fullkrug', 'Allemande', 86, '24', 'https://encrypted-tbn0.gstatic.com/images?q=tbn:ANd9GcQDq7lxf1qo0VXuJYyHu3dLApoKsigVJZeVJgixEA6d5JvFyP4gokX8Yc8Npgo&s'),
(162, 'Nicolas Pepe', 'Ivoirienne', 4, '32', 'https://encrypted-tbn0.gstatic.com/images?q=tbn:ANd9GcT7A8ZItgdDr7nG45cWIIoJTAwcmmQgkKkjC9wpMwZDNhS-Q--8NrSTYOPtw0M&s'),
(163, 'Nikola Kalinic', 'Croate', 92, '24', 'https://encrypted-tbn0.gstatic.com/images?q=tbn:ANd9GcS2ztnbyCW7dsOiFdu5luFmyOfek2V_HaRBt6rfKKKXeqW_rwm1A7bCVy5lIO0&s'),
(164, 'Nils Petersen', 'Allemande', 77, '22', 'https://encrypted-tbn0.gstatic.com/images?q=tbn:ANd9GcQ00JQOWMjrOhlN_EDOKk9AqbZZ5AX6zUK-VmEG2JBzV_sjTwf5vLqLNLJxYL0&s'),
(165, 'Olivier Giroud', 'Francais', 22, '33', 'https://encrypted-tbn0.gstatic.com/images?q=tbn:ANd9GcQDoRl3muD110BW7FtGhJW7FSTHIN6QNRzTLZmpKnZbmKd8YV5h3GnbF0velg&s'),
(166, 'Ondrej Duda', 'Slovaque', 44, '19', 'https://encrypted-tbn0.gstatic.com/images?q=tbn:ANd9GcRl8jH4lyCuDKnLMcNuz0dmHyrm7NJleN7kxs6MgSHqWKpiTfB7XdBSFHZDNk8&s'),
(167, 'Pablo Sarabia', 'Espagnole', 69, '36', 'https://encrypted-tbn0.gstatic.com/images?q=tbn:ANd9GcQbtmdrengf_30VXozl5U6Ouets6KK0KrgCgb9bkx-_haY-mkb5qWZjUt3sWuI&s'),
(168, 'Paco Alcacer', 'Espagnole', 94, '28', 'https://encrypted-tbn0.gstatic.com/images?q=tbn:ANd9GcSr28f5Xo7IZBSdWF2avsfnCAH4sTg-RK7su706Guc-FHKdUk-AxWsDfNNSiA&s'),
(169, 'Patrick Bamford', 'Anglaise', 48, '31', 'https://encrypted-tbn0.gstatic.com/images?q=tbn:ANd9GcRtnvq_s4Jl4Ic2zpm2KV8NNSlMYnH_TDPEaS1xWc24pCPubJ6v4soQbMGRwA&s'),
(170, 'Paul Pogba', 'Uruguayenne', 59, '22', 'https://encrypted-tbn0.gstatic.com/images?q=tbn:ANd9GcQRX5maTctV1cZPSYFPlx--ITDfOTjGG9Ywe50ctQP1M7ozJaXxEms8mZhfQFI&s'),
(171, 'Paulo Dybala', 'Argentine', 43, '27', 'https://encrypted-tbn0.gstatic.com/images?q=tbn:ANd9GcR2gwl8hQ0hcSH2XpEC6bjB--GGvIgmg3RyHh3arvfeQ50axgOUjGtglVXqEbU&s'),
(172, 'Pedro ', 'Espagne', 74, '29', 'https://encrypted-tbn0.gstatic.com/images?q=tbn:ANd9GcRwvXA_Q-NuklGKEo-q8ghZuRNN4J-kFgQVOnT17aXY3rJVB1q7lPG_GAo1bes&s'),
(173, 'Philippe Coutinho', 'Brézil', 7, '24', 'https://encrypted-tbn0.gstatic.com/images?q=tbn:ANd9GcSlcqikFZFUuwtOQ2lfmUVtY2fAeGPgpX-nUgkQO2n5KhqbtbkrtgumAOOJbw&s'),
(174, 'Pierre-Emerick Aubameyang', 'Gabonais', 4, '24', 'https://encrypted-tbn0.gstatic.com/images?q=tbn:ANd9GcR_7S5vZkHp_JdaWkaWVrTRp55KqLFfVrw-3WNSAB72gZMDwy5unMXpvlgGU7E&s'),
(175, 'Portu', 'Espagnole', 81, '19', 'https://encrypted-tbn0.gstatic.com/images?q=tbn:ANd9GcQTKwKuOL1REoj3CoshvcqqnzNohIcxqmjzoKuagVswMZ-8cGYTfmFLhPiTRVE&s'),
(176, 'Raheem Sterling', 'Francaise', 58, '30', 'https://encrypted-tbn0.gstatic.com/images?q=tbn:ANd9GcSqPVgHnkj3mCmKUQxvZ5WJc5HHzkr2uz9ML-kvHm8dXFNpq5go8hyJb-IgDQM&s'),
(177, 'Raul de Tomas', 'Espagnole', 28, '26', 'https://encrypted-tbn0.gstatic.com/images?q=tbn:ANd9GcQa6qEtjFo4Mr9YhlUuTFUVaFW_-30moIWEEHiKAI1F6sEwXp-TfDgopOJ2KA&s'),
(178, 'Raul Garcla', 'Espagnole', 11, '27', 'https://encrypted-tbn0.gstatic.com/images?q=tbn:ANd9GcTwo7QWfz1Y_zTo16lPsjdDKOJeckOWFdsZUAGfdC7VNKWSyMDtD1RnwETPRg&s'),
(179, 'Raul Jimenez', 'Mexicaine', 97, '29', 'https://encrypted-tbn0.gstatic.com/images?q=tbn:ANd9GcR6CNxcCjiJ4te2VAXjE2n3wn3v4wz7IHUlHBppJtmVDbjhQvo4sTLAoAvyMg&s'),
(180, 'Remi Oudin', 'Islandaise', 13, '31', 'https://encrypted-tbn0.gstatic.com/images?q=tbn:ANd9GcQ3wFtSflQK0Qvy1pJWl5WHBACmcS8FcmrWnWNPPrsr83w-c_lk3-wjMgCX2A&s'),
(181, 'Richarlison', 'Brésilienne', 29, '21', 'https://encrypted-tbn0.gstatic.com/images?q=tbn:ANd9GcSgbWZ_9Q2GsPFKhNzKB-XDQO6CpNFQZvKKLwpArtVwiIcW8mVMuVDwJ5hpSw&s'),
(182, 'Riyad Mahrez', 'Algerienne', 58, '27', 'https://encrypted-tbn0.gstatic.com/images?q=tbn:ANd9GcRT1xJYBJIpvlbMLuvWx6e-Oj1Hgpfej09jL4fSD8zNdctZEGkQV9QjBWOHDMk&s'),
(183, 'Robert Lewandowski', 'Polonais', 8, '20', 'https://encrypted-tbn0.gstatic.com/images?q=tbn:ANd9GcQJoDd4L1_dfRfZKnMzHRvoAp6MUo4PRgbuglYRi0MW9Id-YAt_U_jLEcezdw&s'),
(184, 'Roberto Firmino', 'Brezil', 53, '25', 'https://encrypted-tbn0.gstatic.com/images?q=tbn:ANd9GcTniREgDcCo6mrtBAhOaIRksLYoVyn4bxDibbQuVDMI7guYtuRWqr5_No5tiks&s'),
(185, 'Roberto Inglese', 'Italienne', 68, '25', 'https://encrypted-tbn0.gstatic.com/images?q=tbn:ANd9GcQBej_DTdYKrDmCOh9iP5jGvp6_T58E8kCobUJS9bBCSRpU0jj69dm-JJyKmw&s'),
(186, 'Robin Quaison', 'Suédoise', 56, '25', 'https://encrypted-tbn0.gstatic.com/images?q=tbn:ANd9GcSdhKMZvmX4FTSRlol_pcgQCp4_Jg6A9F5xNRWbWj7Ns3_N7R888EGWLDJZ4xo&s'),
(187, 'Rodrigo', 'Espagnole', 91, '28', 'https://encrypted-tbn0.gstatic.com/images?q=tbn:ANd9GcTtHBN2txZb4PSwrj5hjQgKNggrOGG5b2rYU1NXlddXVd6q79V8H_-KeEuZ_g&s'),
(188, 'Roger', 'Espagnole', 51, '32', 'https://encrypted-tbn0.gstatic.com/images?q=tbn:ANd9GcR23bpbijVVHezlA0_cIFQfYIJ_AB-GXIWCUrYAPvcY252u5d-YvA_4kITYcdI&s'),
(189, 'Romelu Lukaku', 'Belgique', 42, '30', 'https://encrypted-tbn0.gstatic.com/images?q=tbn:ANd9GcRCTL3-kXOAwgEXM8mO85yF-ewRDxpr3I1F8izGE7mv5ZEpFlxtYzgh-OEMDQ&s'),
(190, 'Rouwen Hennings', 'Allemande', 26, '21', 'https://encrypted-tbn0.gstatic.com/images?q=tbn:ANd9GcT3Ft3rcFwYphxK7F0mGQJxT0XbXtI8tJABsNCZhMBAF4Je5VqdFQylDVApyA&s'),
(191, 'Ruben Castro', 'Espagnole', 20, '22', 'https://encrypted-tbn0.gstatic.com/images?q=tbn:ANd9GcSKl3y-8lRdOeEvCRShBFdv5dp0AqKF0jhCusAIie6lulZurFT68c50YdmMpA&s'),
(192, 'Sadio Mane', 'Sénégal', 53, '26', 'https://encrypted-tbn0.gstatic.com/images?q=tbn:ANd9GcSoElw4FD-EbkeFek3r6oO_IJ71Hslk3JD6v1nu7UfzHMB00GRA42qvKzfL_I0&s'),
(193, 'Salomon Kalou', 'Ivoirienne', 14, '27', 'https://encrypted-tbn0.gstatic.com/images?q=tbn:ANd9GcQ72J-8Wb9HS1rLKQrfb2ffJMGM-_xflKWa5AjRiXvhcRs1BZshjczpya4gzw&s'),
(194, 'Sandro Ramlrez', 'Espagnole', 40, '26', 'https://encrypted-tbn0.gstatic.com/images?q=tbn:ANd9GcQAofrFiyHPFz5avXurkudp1shlc5xIAN18IM1FKXUofvi-JT25K2wIrvYh4Q&s'),
(195, 'Sandro Wagner', 'Allemande', 39, '22', 'https://encrypted-tbn0.gstatic.com/images?q=tbn:ANd9GcSkA_4eksrWdsDArdrjPw5vKjrR6iiIkxORQyB8Sv7F7FNV8OPubE5hFKjyMN4&s'),
(196, 'Santi Cazorla', 'Espagnole', 94, '30', 'https://encrypted-tbn0.gstatic.com/images?q=tbn:ANd9GcSGNVcoODvUfz-5RY-qMFnm3Dgfj0VOEsvVZJNrx3o4yRNVkShe_Bv39gckYg&s'),
(197, 'Santi Mina', 'Espagnole', 21, '30', 'https://encrypted-tbn0.gstatic.com/images?q=tbn:ANd9GcTXs7M1A7Nl-3IHP5OQ0zO5P6TD5EKwUYgCBGqpdu3ThL62_vNwEZlHsWf7lVE&s'),
(198, 'Sebastian Andersson', 'Suédoise', 44, '24', 'https://encrypted-tbn0.gstatic.com/images?q=tbn:ANd9GcRS_m-mWpG3nekQeu6zkvTrQtOJnxHg1aaAaAL42aENmiI5UQ9LGva33NJObw&s'),
(199, 'Sebastien Haller', 'Ivoirien', 95, '22', 'https://encrypted-tbn0.gstatic.com/images?q=tbn:ANd9GcSOjsGZ2e6R35UAEX9thA6Bu0G9ffdPkYvAk-c7EEOlkuHAUbpuC8qEHHwNl_M&s'),
(200, 'Sehrou Guirassy', 'Francaise', 72, '28', 'https://encrypted-tbn0.gstatic.com/images?q=tbn:ANd9GcQ30c7-dCw6zmLrtKot2pEygWs8cDJoQJICAyq1u_4-ZO5hb9Rn8NZKL9q1Kg&s'),
(201, 'Serge Gnabry', 'Allemand', 8, '22', 'https://encrypted-tbn0.gstatic.com/images?q=tbn:ANd9GcSOUboRGadJEsi_7EmE5h4PpcVDvpKak4VlyYze15eFsTxJ-FPlLQwDzmDT4Q&s'),
(202, 'Sergej Milinkovic-Savic', 'Serbe', 46, '26', 'https://encrypted-tbn0.gstatic.com/images?q=tbn:ANd9GcTfHoupNwbJc9tGjoyk2urAzM5RZYOmMFbHXl_DOiSk10lvKrb5Noe07aVhZA&s'),
(203, 'Sergi Enrich', 'Espagnole', 27, '27', 'https://encrypted-tbn0.gstatic.com/images?q=tbn:ANd9GcTPF98EYtikYsCrW0iBS8vda0x3n7_tO_sPLtV2LmIzx8jQ2qUw5gkpDID3iA&s'),
(204, 'Sergio Aguero', 'Argentine', 58, '26', 'https://encrypted-tbn0.gstatic.com/images?q=tbn:ANd9GcTBbDD-3XAm2jJBod9bcRpMJR2PXwKAqYfQLbEWM80Ndxw_EgUf4HVQiYA9jt4&s'),
(205, 'Sergio Leon', 'Espagnole', 51, '34', 'https://encrypted-tbn0.gstatic.com/images?q=tbn:ANd9GcTkoZixzkm6jdrupkT9cReefIlo9n9z8GVC8Ew0eYfN5iZZo2RVDZqa0Todng&s'),
(206, 'Sergio Ramos', 'Espagnole', 73, '28', 'https://encrypted-tbn0.gstatic.com/images?q=tbn:ANd9GcSCNPHBA5NiRDh4Mg6s5k3bEWKv4CzdUMRdlZwigvftPDS01QpoQHLRHitLudU&s'),
(207, 'Simone Zaza', 'Italien', 87, '23', 'https://encrypted-tbn0.gstatic.com/images?q=tbn:ANd9GcRK6uASEfPl53vBC0eWdgFhxC94gVdy-irQgHa3u6PbjdWNOY30ehbdMX5XpN0&s'),
(208, 'Son Heung-Min', 'Sud-Coréen', 88, '24', 'https://encrypted-tbn0.gstatic.com/images?q=tbn:ANd9GcQy23r5nbzOzLv3mhhXiLT69W0BkAqWDrXXErNczZ61d97aBVwBcvODtAB9xw&s'),
(209, 'Stephan El Shaarawy', 'Italienne', 74, '21', 'https://encrypted-tbn0.gstatic.com/images?q=tbn:ANd9GcSHuAAoVwYrugV2N6vEx1aR8-lyTba6ime4gYYDvW4TYNfwy4YPG_c9LhU4RS8&s'),
(210, 'Stephane Bahoken', 'Camerounaise', 3, '29', 'https://encrypted-tbn0.gstatic.com/images?q=tbn:ANd9GcRbnsyWHgzCZbUkChqNAywTfrk3h7hOxu7RfXn8wvRhp62ytPhRVwoDzz6o-w&s'),
(211, 'Tammy Abraham', 'Anglaise', 22, '23', 'https://encrypted-tbn0.gstatic.com/images?q=tbn:ANd9GcS-awwjD8u9XP7qoUvciFIIMdLP2cRjnJmGH0faJhPsj1DRaR6wUgmx4Gwl6Q&s'),
(212, 'Teemu Pukki', 'Finlandais', 66, '20', 'https://encrypted-tbn0.gstatic.com/images?q=tbn:ANd9GcQB_xCxhIIdxVtSWi2e-nQFCzO_9fQzNiQzgLLg7ckLiqIZrTd6Tcegv92Wh5o&s'),
(213, 'Thorgan Hazard', 'Belge', 25, '27', 'https://encrypted-tbn0.gstatic.com/images?q=tbn:ANd9GcSRWmuRQDt0Tho2mZL13zNM0TQKLL3vTUWy1P5sj1OiY4QdffsuZWip3Vki9g&s'),
(214, 'Timo Werner', 'Allemand', 22, '28', 'https://encrypted-tbn0.gstatic.com/images?q=tbn:ANd9GcR5tqUT3FEAuOOGprVCjN_EX9UvRbrvRLdVIViyRL-4tdd765aqWM6sun1DHig&s'),
(215, 'Vedad Ibisevic', 'Bosniaque', 78, '27', 'https://encrypted-tbn0.gstatic.com/images?q=tbn:ANd9GcQQEIyauutmXoww_deyNZLHLRvAlQE4b_MNQDvnl6WXIev_Wswr9mgj4apWZ7s&s'),
(216, 'Victor Osimhen', 'Nigérien', 63, '29', 'https://encrypted-tbn0.gstatic.com/images?q=tbn:ANd9GcRank8ukRQqTmQGzN_8kxT85vPnXYgfz-nm2KHfTReGifZYDN89UOLjwh35eg&s'),
(217, 'Wahbi Khazri', 'Tunisienne', 83, '27', 'https://encrypted-tbn0.gstatic.com/images?q=tbn:ANd9GcQpK9gTzytth9L4VtdpizlZxWZT6bX9MNGGgzsu6B9bRYniTq5RIBsX303CJg&s'),
(218, 'Willian Jose', 'Brésilienne', 81, '33', 'https://encrypted-tbn0.gstatic.com/images?q=tbn:ANd9GcS7J5Mlydwet2eTvMVkkwTzmUYOmL762vpOZKo1sxy_VP0YaV1BrZQO2gvjqA&s'),
(219, 'Wissam Ben Yedder', 'Francaise', 81, '26', 'https://encrypted-tbn0.gstatic.com/images?q=tbn:ANd9GcQ3QoNMLVenU2oIvtUyMl5-X9c26ydSf7Hp0fj8U63iu_59pHc-XNEpgxZrLVk&s'),
(220, 'Wout Weghorst', 'Néerlandaise', 60, '29', 'https://encrypted-tbn0.gstatic.com/images?q=tbn:ANd9GcSx_iPbflMe6o4X_ol90gOxHYJI_bhjQH1NuO21KT_blJ-dhKP0vIG2SPahKg&s'),
(221, 'Yussuf Poulsen', 'Danoise', 96, '24', 'https://encrypted-tbn0.gstatic.com/images?q=tbn:ANd9GcSgprFTYtk-N-7Er7lra4VELT5tETICwd28iU-GTa18bZFxrW0oUKTAE_aB6w&s'),
(222, 'Zlatan Ibrahimovic', 'Suédois', 71, '30', 'https://encrypted-tbn0.gstatic.com/images?q=tbn:ANd9GcSXUxAbLBFMcjp2lcT6PUyqdtN4D_IInef6-jNb_KXv_s3LoE3d7drqirnhxQ&s');

-- --------------------------------------------------------

--
-- Structure de la table `table_ligue`
--

CREATE TABLE `table_ligue` (
  `ID_ligue` int(11) NOT NULL,
  `Ligue` varchar(500) NOT NULL,
  `url_Logo` varchar(50) DEFAULT NULL,
  `url_Pays` varchar(50) DEFAULT NULL
) ENGINE=InnoDB DEFAULT CHARSET=utf8;

--
-- Déchargement des données de la table `table_ligue`
--

INSERT INTO `table_ligue` (`ID_ligue`, `Ligue`, `url_Logo`, `url_Pays`) VALUES
(1, 'Premier League', '/Site/Image/P2.png', '/Site/Image/P1.png'),
(2, 'Bundesliga', '/Site/Image/B2.png', '/Site/Image/B1.png'),
(3, 'Serie A', '/Site/Image/S2.png', '/Site/Image/S1.png'),
(4, 'La Liga', '/Site/Image/LA2.png', '/Site/Image/LA1.png'),
(5, 'Ligue 1', '/Site/Image/L2.png', '/Site/Image/L1.png');

-- --------------------------------------------------------

--
-- Structure de la table `table_stats`
--

CREATE TABLE `table_stats` (
  `id_stats` int(11) NOT NULL,
  `match_played` int(11) DEFAULT NULL,
  `Goals` int(11) DEFAULT NULL,
  `ration b/m` decimal(10,9) DEFAULT NULL,
  `id_stats_joueurs` int(11) DEFAULT NULL,
  `year` int(11) DEFAULT NULL,
  `Shots` int(11) DEFAULT NULL,
  `OnTarget` int(11) DEFAULT NULL,
  `Minutes*` int(11) DEFAULT NULL
) ENGINE=InnoDB DEFAULT CHARSET=utf8;

--
-- Déchargement des données de la table `table_stats`
--

INSERT INTO `table_stats` (`id_stats`, `match_played`, `Goals`, `ration b/m`, `id_stats_joueurs`, `year`, `Shots`, `OnTarget`, `Minutes*`) VALUES
(1, 27, 16, '0.592592593', 15, 2019, 74, 24, 2106),
(2, 37, 16, '0.432432432', 1, 2019, 28, 15, 1325),
(3, 36, 24, '0.666666667', 2, 2019, 50, 18, 2168),
(4, 34, 26, '0.764705882', 3, 2016, 85, 45, 2480),
(5, 28, 15, '0.535714286', 4, 2018, 83, 41, 2613),
(6, 34, 25, '0.735294118', 4, 2019, 77, 35, 2252),
(7, 36, 16, '0.444444444', 5, 2016, 117, 75, 3247),
(8, 21, 13, '0.619047619', 6, 2018, 81, 28, 2670),
(9, 26, 13, '0.500000000', 7, 2016, 129, 49, 3385),
(10, 17, 10, '0.588235294', 8, 2017, 51, 25, 1879),
(11, 20, 11, '0.550000000', 8, 2018, 40, 18, 1385),
(12, 36, 15, '0.416666667', 9, 2019, 55, 21, 1694),
(13, 35, 22, '0.628571429', 10, 2016, 130, 78, 3241),
(14, 29, 25, '0.862068966', 10, 2017, 86, 28, 2854),
(15, 31, 12, '0.387096774', 10, 2018, 125, 47, 3533),
(16, 35, 18, '0.514285714', 10, 2019, 104, 41, 3214),
(17, 35, 20, '0.571428571', 11, 2018, 89, 41, 3196),
(18, 35, 13, '0.371428571', 11, 2019, 110, 33, 3263),
(19, 28, 28, '1.000000000', 12, 2019, 46, 20, 1637),
(20, 36, 16, '0.444444444', 13, 2016, 99, 60, 2449),
(21, 33, 29, '0.878787879', 13, 2017, 83, 35, 2353),
(22, 27, 8, '0.296296296', 13, 2018, 110, 43, 2527),
(23, 35, 12, '0.342857143', 13, 2019, 43, 23, 1502),
(24, 28, 15, '0.535714286', 14, 2018, 119, 36, 3263),
(25, 23, 8, '0.347826087', 14, 2019, 84, 29, 2409),
(26, 29, 11, '0.379310345', 14, 2020, 31, 14, 902),
(27, 32, 12, '0.375000000', 15, 2018, 97, 30, 2418),
(28, 37, 13, '0.351351351', 16, 2017, 68, 31, 2390),
(29, 29, 12, '0.413793103', 17, 2019, 56, 22, 2923),
(30, 32, 24, '0.750000000', 18, 2018, 61, 28, 2075),
(31, 23, 12, '0.521739130', 18, 2019, 42, 20, 1514),
(32, 17, 9, '0.529411765', 19, 2019, 80, 39, 2788),
(33, 29, 29, '1.000000000', 20, 2016, 101, 53, 3075),
(34, 25, 19, '0.760000000', 21, 2016, 88, 41, 3129),
(35, 31, 12, '0.387096774', 21, 2017, 72, 40, 2596),
(36, 18, 10, '0.555555556', 21, 2018, 113, 45, 3349),
(37, 33, 13, '0.393939394', 22, 2016, 83, 52, 1882),
(38, 37, 15, '0.405405405', 23, 2018, 111, 51, 2560),
(39, 37, 14, '0.378378378', 23, 2019, 68, 29, 1870),
(40, 31, 16, '0.516129032', 24, 2018, 65, 30, 2569),
(41, 19, 11, '0.578947368', 25, 2018, 55, 27, 3099),
(42, 23, 11, '0.478260870', 26, 2018, 55, 26, 1781),
(43, 21, 16, '0.761904762', 27, 2018, 90, 38, 3246),
(44, 21, 13, '0.619047619', 28, 2020, 28, 17, 903),
(45, 29, 11, '0.379310345', 29, 2018, 65, 29, 2714),
(46, 32, 37, '1.156250000', 30, 2016, 56, 39, 2228),
(47, 35, 18, '0.514285714', 30, 2017, 73, 34, 2572),
(48, 34, 28, '0.823529412', 31, 2019, 47, 19, 2428),
(49, 30, 16, '0.533333333', 32, 2016, 50, 26, 1633),
(50, 32, 16, '0.500000000', 33, 2016, 52, 30, 1895),
(51, 34, 24, '0.705882353', 34, 2018, 88, 24, 2131),
(52, 23, 15, '0.652173913', 35, 2019, 65, 29, 2616),
(53, 23, 9, '0.391304348', 36, 2016, 105, 38, 3299),
(54, 29, 11, '0.379310345', 37, 2016, 136, 98, 3294),
(55, 29, 15, '0.517241379', 37, 2017, 110, 53, 2799),
(56, 14, 15, '1.071428571', 37, 2018, 124, 49, 3046),
(57, 30, 13, '0.433333333', 37, 2019, 142, 71, 3371),
(58, 26, 15, '0.576923077', 38, 2017, 74, 37, 2785),
(59, 11, 12, '1.090909091', 38, 2018, 77, 39, 2897),
(60, 26, 10, '0.384615385', 39, 2016, 162, 60, 2634),
(61, 28, 13, '0.464285714', 39, 2017, 178, 76, 2375),
(62, 31, 31, '1.000000000', 39, 2018, 177, 68, 2857),
(63, 31, 30, '0.967741935', 39, 2019, 208, 79, 3127),
(64, 34, 11, '0.323529412', 40, 2016, 70, 48, 2585),
(65, 36, 25, '0.694444444', 41, 2017, 55, 19, 2312),
(66, 32, 13, '0.406250000', 42, 2019, 93, 37, 3009),
(67, 26, 13, '0.500000000', 43, 2019, 61, 27, 2214),
(68, 28, 14, '0.500000000', 44, 2017, 47, 22, 1974),
(69, 30, 11, '0.366666667', 45, 2016, 95, 43, 3182),
(70, 23, 11, '0.478260870', 46, 2019, 78, 37, 2173),
(71, 31, 11, '0.354838710', 47, 2016, 111, 41, 3232),
(72, 25, 21, '0.840000000', 48, 2016, 99, 65, 3308),
(73, 23, 14, '0.608695652', 49, 2019, 63, 26, 2057),
(74, 28, 21, '0.750000000', 50, 2019, 120, 46, 2654),
(75, 32, 12, '0.375000000', 51, 2019, 85, 38, 2849),
(76, 27, 12, '0.444444444', 51, 2020, 32, 18, 940),
(77, 20, 11, '0.550000000', 52, 2016, 148, 102, 2671),
(78, 27, 17, '0.629629630', 52, 2017, 128, 47, 3133),
(79, 22, 12, '0.545454545', 52, 2018, 89, 39, 2416),
(80, 29, 10, '0.344827586', 53, 2017, 57, 22, 2229),
(81, 22, 13, '0.590909091', 53, 2018, 118, 50, 3064),
(82, 26, 13, '0.500000000', 53, 2019, 89, 37, 2143),
(83, 30, 19, '0.633333333', 54, 2016, 77, 32, 3101),
(84, 30, 15, '0.500000000', 54, 2018, 93, 43, 3115),
(85, 33, 29, '0.878787879', 55, 2016, 178, 99, 3194),
(86, 32, 21, '0.656250000', 55, 2017, 152, 56, 3177),
(87, 27, 26, '0.962962963', 55, 2018, 131, 50, 2741),
(88, 26, 9, '0.346153846', 55, 2019, 122, 46, 3075),
(89, 19, 10, '0.526315789', 56, 2018, 52, 22, 1747),
(90, 35, 18, '0.514285714', 57, 2016, 49, 32, 2420),
(91, 24, 11, '0.458333333', 58, 2018, 36, 18, 1434),
(92, 33, 16, '0.484848485', 59, 2019, 34, 19, 1116),
(93, 33, 19, '0.575757576', 60, 2016, 112, 70, 3030),
(94, 20, 16, '0.800000000', 60, 2017, 113, 46, 2864),
(95, 38, 16, '0.421052632', 60, 2018, 141, 57, 3269),
(96, 36, 14, '0.388888889', 60, 2019, 102, 35, 2413),
(97, 32, 16, '0.500000000', 61, 2018, 94, 41, 2699),
(98, 24, 11, '0.458333333', 62, 2016, 52, 25, 2562),
(99, 33, 22, '0.666666667', 63, 2016, 42, 29, 2315),
(100, 34, 12, '0.352941176', 64, 2016, 79, 56, 2477),
(101, 37, 11, '0.297297297', 64, 2019, 78, 40, 2846),
(102, 14, 9, '0.642857143', 65, 2018, 101, 35, 2741),
(103, 38, 10, '0.263157895', 65, 2020, 21, 8, 835),
(104, 21, 11, '0.523809524', 66, 2016, 99, 42, 2984),
(105, 26, 9, '0.346153846', 67, 2018, 96, 43, 3641),
(106, 26, 12, '0.461538462', 67, 2019, 73, 35, 3125),
(107, 30, 14, '0.466666667', 68, 2018, 82, 33, 2698),
(108, 25, 9, '0.360000000', 69, 2019, 101, 46, 2209),
(109, 31, 11, '0.354838710', 70, 2020, 18, 6, 786),
(110, 32, 33, '1.031250000', 71, 2018, 86, 27, 3115),
(111, 32, 11, '0.343750000', 72, 2017, 77, 32, 1872),
(112, 32, 25, '0.781250000', 73, 2016, 82, 32, 3361),
(113, 24, 14, '0.583333333', 73, 2017, 105, 47, 3555),
(114, 34, 29, '0.852941176', 73, 2019, 89, 34, 2831),
(115, 35, 18, '0.514285714', 74, 2018, 44, 19, 2430),
(116, 30, 13, '0.433333333', 75, 2019, 61, 24, 1906),
(117, 31, 12, '0.387096774', 76, 2016, 76, 35, 2764),
(118, 28, 11, '0.392857143', 76, 2017, 107, 37, 3157),
(119, 35, 10, '0.285714286', 76, 2019, 87, 30, 3115),
(120, 28, 10, '0.357142857', 77, 2018, 54, 21, 2684),
(121, 26, 14, '0.538461538', 78, 2016, 134, 91, 3138),
(122, 24, 15, '0.625000000', 78, 2017, 102, 40, 2935),
(123, 26, 22, '0.846153846', 79, 2016, 43, 28, 2054),
(124, 16, 13, '0.812500000', 79, 2018, 47, 23, 2388),
(125, 35, 11, '0.314285714', 80, 2016, 45, 24, 1494),
(126, 24, 29, '1.208333333', 80, 2017, 55, 25, 2447),
(127, 33, 12, '0.363636364', 81, 2018, 86, 33, 3302),
(128, 31, 16, '0.516129032', 82, 2019, 83, 34, 2344),
(129, 27, 12, '0.444444444', 83, 2016, 110, 58, 2636),
(130, 18, 12, '0.666666667', 83, 2018, 102, 46, 2580),
(131, 17, 12, '0.705882353', 83, 2019, 81, 37, 2801),
(132, 20, 10, '0.500000000', 83, 2020, 39, 15, 956),
(133, 33, 12, '0.363636364', 84, 2016, 78, 37, 2354),
(134, 23, 11, '0.478260870', 84, 2017, 94, 43, 3053),
(135, 23, 13, '0.565217391', 84, 2018, 69, 32, 2369),
(136, 33, 10, '0.303030303', 84, 2019, 84, 39, 3474),
(137, 28, 13, '0.464285714', 84, 2020, 21, 12, 1056),
(138, 32, 15, '0.468750000', 85, 2016, 65, 42, 2633),
(139, 28, 12, '0.428571429', 85, 2017, 76, 22, 2950),
(140, 27, 14, '0.518518519', 86, 2018, 75, 33, 3148),
(141, 17, 10, '0.588235294', 87, 2016, 32, 15, 1690),
(142, 37, 15, '0.405405405', 88, 2018, 88, 36, 1965),
(143, 35, 16, '0.457142857', 89, 2019, 53, 20, 1378),
(144, 28, 16, '0.571428571', 90, 2017, 116, 38, 3491),
(145, 36, 14, '0.388888889', 91, 2018, 40, 21, 2602),
(146, 28, 12, '0.428571429', 91, 2019, 52, 28, 2387),
(147, 23, 11, '0.478260870', 92, 2018, 59, 25, 2569),
(148, 37, 15, '0.405405405', 92, 2019, 58, 23, 2923),
(149, 27, 17, '0.629629630', 93, 2020, 10, 7, 960),
(150, 26, 12, '0.461538462', 94, 2016, 54, 26, 2938),
(151, 34, 12, '0.352941176', 94, 2018, 79, 38, 2886),
(152, 19, 10, '0.526315789', 94, 2019, 89, 42, 3271),
(153, 35, 17, '0.485714286', 95, 2020, 22, 5, 845),
(154, 29, 14, '0.482758621', 96, 2017, 37, 18, 1330),
(155, 20, 10, '0.500000000', 97, 2018, 97, 34, 2587),
(156, 31, 15, '0.483870968', 98, 2016, 99, 31, 3511),
(157, 30, 19, '0.633333333', 99, 2019, 61, 25, 2108),
(158, 30, 21, '0.700000000', 100, 2019, 87, 37, 3394),
(159, 23, 16, '0.695652174', 101, 2018, 67, 28, 3190),
(160, 32, 23, '0.718750000', 101, 2020, 25, 9, 1061),
(161, 32, 16, '0.500000000', 102, 2018, 57, 23, 2819),
(162, 28, 9, '0.321428571', 103, 2016, 86, 57, 3276),
(163, 20, 18, '0.900000000', 103, 2017, 64, 32, 3359),
(164, 16, 12, '0.750000000', 104, 2019, 87, 30, 2990),
(165, 37, 26, '0.702702703', 105, 2016, 67, 29, 2856),
(166, 29, 15, '0.517241379', 105, 2018, 72, 23, 3143),
(167, 30, 16, '0.533333333', 106, 2017, 89, 36, 2115),
(168, 38, 16, '0.421052632', 106, 2018, 101, 38, 2262),
(169, 29, 10, '0.344827586', 106, 2019, 81, 36, 1786),
(170, 36, 11, '0.305555556', 107, 2016, 48, 20, 1849),
(171, 27, 11, '0.407407407', 108, 2017, 43, 22, 2419),
(172, 30, 13, '0.433333333', 109, 2018, 87, 42, 3033),
(173, 26, 11, '0.423076923', 109, 2019, 59, 26, 2586),
(174, 36, 13, '0.361111111', 110, 2016, 69, 34, 1967),
(175, 27, 17, '0.629629630', 110, 2018, 104, 44, 3072),
(176, 26, 20, '0.769230769', 110, 2019, 124, 59, 3207),
(177, 36, 12, '0.333333333', 111, 2019, 42, 25, 1994),
(178, 20, 18, '0.900000000', 112, 2016, 70, 48, 2033),
(179, 26, 13, '0.500000000', 113, 2019, 99, 31, 2984),
(180, 27, 14, '0.518518519', 114, 2016, 50, 23, 1745),
(181, 30, 18, '0.600000000', 115, 2017, 72, 31, 2244),
(182, 29, 14, '0.482758621', 116, 2017, 55, 28, 2693),
(183, 35, 13, '0.371428571', 116, 2018, 87, 43, 2945),
(184, 28, 14, '0.500000000', 116, 2019, 78, 32, 2159),
(185, 34, 12, '0.352941176', 117, 2018, 118, 52, 3147),
(186, 23, 12, '0.521739130', 118, 2018, 125, 70, 2488),
(187, 33, 16, '0.484848485', 118, 2019, 87, 49, 1611),
(188, 35, 21, '0.600000000', 119, 2016, 68, 50, 2673),
(189, 32, 14, '0.437500000', 119, 2019, 33, 15, 1518),
(190, 34, 23, '0.676470588', 120, 2019, 125, 44, 2581),
(191, 24, 33, '1.375000000', 121, 2018, 36, 19, 2154),
(192, 21, 10, '0.476190476', 122, 2017, 76, 27, 2317),
(193, 31, 16, '0.516129032', 123, 2017, 87, 34, 2897),
(194, 29, 36, '1.241379310', 123, 2018, 84, 33, 2903),
(195, 24, 10, '0.416666667', 124, 2016, 179, 76, 2910),
(196, 31, 21, '0.677419355', 124, 2017, 197, 95, 3123),
(197, 25, 17, '0.680000000', 124, 2018, 170, 87, 2849),
(198, 38, 12, '0.315789474', 124, 2019, 159, 68, 3067),
(199, 19, 11, '0.578947368', 125, 2019, 52, 18, 2222),
(200, 27, 17, '0.629629630', 126, 2016, 147, 81, 3031),
(201, 23, 9, '0.391304348', 126, 2018, 120, 37, 2191),
(202, 24, 11, '0.458333333', 127, 2019, 84, 36, 2929),
(203, 36, 11, '0.305555556', 128, 2019, 48, 18, 2673),
(204, 32, 11, '0.343750000', 129, 2019, 50, 22, 2163),
(205, 33, 13, '0.393939394', 129, 2020, 17, 8, 1008),
(206, 29, 10, '0.344827586', 130, 2020, 19, 7, 990),
(207, 36, 13, '0.361111111', 131, 2017, 81, 25, 2797),
(208, 37, 22, '0.594594595', 132, 2019, 77, 41, 1370),
(209, 35, 12, '0.342857143', 133, 2016, 120, 57, 2940),
(210, 21, 15, '0.714285714', 133, 2017, 121, 55, 3008),
(211, 16, 15, '0.937500000', 133, 2018, 112, 58, 2954),
(212, 37, 22, '0.594594595', 133, 2019, 79, 42, 2126),
(213, 30, 11, '0.366666667', 134, 2018, 97, 42, 2353),
(214, 30, 13, '0.433333333', 135, 2018, 57, 24, 3651),
(215, 11, 18, '1.636363636', 137, 2016, 81, 51, 2737),
(216, 34, 13, '0.382352941', 138, 2019, 84, 31, 2627),
(217, 30, 22, '0.733333333', 139, 2018, 69, 33, 2432),
(218, 31, 17, '0.548387097', 139, 2019, 47, 24, 1561),
(219, 32, 14, '0.437500000', 140, 2019, 95, 44, 2826),
(220, 36, 13, '0.361111111', 141, 2019, 56, 36, 2296),
(221, 32, 10, '0.312500000', 142, 2016, 84, 45, 2950),
(222, 32, 14, '0.437500000', 143, 2018, 31, 17, 2125),
(223, 33, 22, '0.666666667', 144, 2017, 54, 21, 2279),
(224, 23, 9, '0.391304348', 145, 2016, 109, 52, 3188),
(225, 23, 13, '0.565217391', 145, 2017, 101, 53, 3096),
(226, 35, 22, '0.628571429', 145, 2018, 73, 29, 2314),
(227, 23, 15, '0.652173913', 145, 2019, 36, 20, 1353),
(228, 31, 21, '0.677419355', 146, 2018, 120, 42, 3446),
(229, 23, 12, '0.521739130', 147, 2016, 41, 28, 2121),
(230, 23, 11, '0.478260870', 147, 2018, 91, 40, 2975),
(231, 31, 11, '0.354838710', 148, 2017, 83, 37, 3168),
(232, 29, 16, '0.551724138', 148, 2018, 82, 28, 3148),
(233, 32, 13, '0.406250000', 149, 2016, 53, 34, 2000),
(234, 28, 12, '0.428571429', 135, 2018, 64, 25, 1911),
(235, 31, 18, '0.580645161', 136, 2019, 66, 30, 2276),
(236, 33, 17, '0.515151515', 150, 2018, 110, 39, 2900),
(237, 27, 15, '0.555555556', 150, 2019, 48, 21, 1077),
(238, 13, 8, '0.615384615', 151, 2017, 92, 36, 2626),
(239, 24, 7, '0.291666667', 152, 2016, 79, 25, 2493),
(240, 25, 10, '0.400000000', 153, 2017, 65, 32, 2864),
(241, 16, 12, '0.750000000', 153, 2018, 66, 28, 3300),
(242, 34, 16, '0.470588235', 153, 2019, 62, 22, 3247),
(243, 33, 12, '0.363636364', 154, 2017, 65, 26, 2735),
(244, 17, 12, '0.705882353', 155, 2016, 80, 50, 2567),
(245, 14, 12, '0.857142857', 155, 2018, 137, 63, 3417),
(246, 26, 9, '0.346153846', 155, 2019, 132, 59, 3045),
(247, 23, 8, '0.347826087', 156, 2017, 61, 25, 3180),
(248, 33, 13, '0.393939394', 156, 2018, 65, 33, 3381),
(249, 15, 11, '0.733333333', 156, 2020, 17, 8, 758),
(250, 31, 17, '0.548387097', 157, 2016, 55, 30, 1392),
(251, 19, 11, '0.578947368', 157, 2019, 69, 30, 2248),
(252, 21, 10, '0.476190476', 158, 2018, 90, 39, 2154),
(253, 29, 14, '0.482758621', 158, 2019, 56, 26, 2358),
(254, 36, 36, '1.000000000', 159, 2017, 62, 23, 2517),
(255, 33, 31, '0.939393939', 160, 2016, 105, 42, 2694),
(256, 32, 22, '0.687500000', 160, 2018, 54, 25, 1517),
(257, 25, 11, '0.440000000', 160, 2019, 71, 36, 1396),
(258, 23, 10, '0.434782609', 161, 2017, 87, 33, 2507),
(259, 22, 9, '0.409090909', 162, 2018, 118, 60, 3533),
(260, 29, 14, '0.482758621', 163, 2016, 90, 61, 2648),
(261, 30, 13, '0.433333333', 164, 2017, 63, 24, 2362),
(262, 25, 18, '0.720000000', 164, 2019, 55, 19, 2595),
(263, 31, 16, '0.516129032', 165, 2016, 39, 20, 1311),
(264, 11, 12, '1.090909091', 166, 2018, 54, 20, 2661),
(265, 26, 11, '0.423076923', 167, 2018, 75, 31, 2877),
(266, 31, 13, '0.419354839', 168, 2018, 52, 27, 1312),
(267, 33, 21, '0.636363636', 169, 2020, 40, 17, 898),
(268, 21, 14, '0.666666667', 170, 2018, 105, 49, 3233),
(269, 33, 18, '0.545454545', 171, 2017, 114, 45, 2407),
(270, 20, 11, '0.550000000', 172, 2016, 59, 17, 2250),
(271, 34, 12, '0.352941176', 173, 2016, 107, 36, 2327),
(272, 26, 12, '0.461538462', 174, 2016, 116, 78, 2894),
(273, 29, 18, '0.620689655', 174, 2017, 58, 27, 1480),
(274, 37, 14, '0.378378378', 174, 2018, 94, 39, 2905),
(275, 14, 9, '0.642857143', 174, 2019, 93, 42, 3392),
(276, 25, 17, '0.680000000', 175, 2017, 49, 25, 3081),
(277, 33, 11, '0.333333333', 176, 2018, 77, 38, 2930),
(278, 34, 23, '0.676470588', 176, 2019, 99, 38, 2836),
(279, 23, 13, '0.565217391', 177, 2018, 115, 47, 2964),
(280, 35, 18, '0.514285714', 178, 2019, 81, 33, 3034),
(281, 31, 11, '0.354838710', 179, 2018, 111, 33, 3285),
(282, 21, 15, '0.714285714', 179, 2019, 118, 43, 3445),
(283, 29, 12, '0.413793103', 179, 2020, 26, 10, 872),
(284, 36, 21, '0.583333333', 180, 2018, 78, 24, 2719),
(285, 22, 11, '0.500000000', 181, 2018, 83, 28, 2822),
(286, 32, 13, '0.406250000', 181, 2019, 90, 32, 3289),
(287, 24, 10, '0.416666667', 182, 2019, 74, 31, 2130),
(288, 17, 18, '1.058823529', 183, 2016, 143, 86, 2871),
(289, 14, 9, '0.642857143', 183, 2017, 127, 54, 2247),
(290, 29, 14, '0.482758621', 183, 2018, 144, 51, 3090),
(291, 32, 25, '0.781250000', 183, 2019, 138, 67, 2783),
(292, 21, 10, '0.476190476', 184, 2016, 104, 43, 3228),
(293, 31, 14, '0.451612903', 185, 2017, 76, 37, 2914),
(294, 29, 11, '0.379310345', 185, 2018, 47, 21, 2075),
(295, 24, 8, '0.333333333', 186, 2019, 71, 28, 2718),
(296, 10, 18, '1.800000000', 187, 2017, 92, 38, 2770),
(297, 22, 16, '0.727272727', 188, 2018, 71, 30, 1999),
(298, 24, 10, '0.416666667', 188, 2019, 57, 24, 2436),
(299, 28, 14, '0.500000000', 189, 2016, 110, 53, 3448),
(300, 18, 11, '0.611111111', 189, 2019, 99, 47, 3156),
(301, 31, 17, '0.548387097', 190, 2019, 73, 27, 2592),
(302, 28, 10, '0.357142857', 191, 2016, 117, 42, 2842),
(303, 14, 12, '0.857142857', 192, 2016, 58, 24, 2347),
(304, 12, 9, '0.750000000', 192, 2018, 87, 42, 3236),
(305, 36, 10, '0.277777778', 192, 2019, 77, 36, 2933),
(306, 33, 19, '0.575757576', 193, 2017, 50, 23, 2272),
(307, 25, 12, '0.480000000', 194, 2016, 93, 38, 2340),
(308, 24, 16, '0.666666667', 195, 2016, 65, 35, 2695),
(309, 15, 12, '0.800000000', 195, 2017, 55, 26, 1666),
(310, 24, 11, '0.458333333', 196, 2019, 49, 24, 2513),
(311, 35, 22, '0.628571429', 197, 2017, 43, 20, 1630),
(312, 30, 20, '0.666666667', 198, 2019, 65, 37, 2813),
(313, 33, 15, '0.454545455', 199, 2018, 54, 26, 2312),
(314, 37, 17, '0.459459459', 200, 2019, 45, 19, 2030),
(315, 36, 13, '0.361111111', 201, 2016, 62, 33, 2028),
(316, 21, 11, '0.523809524', 201, 2017, 49, 23, 1555),
(317, 31, 34, '1.096774194', 201, 2019, 95, 40, 2216),
(318, 31, 13, '0.419354839', 202, 2017, 91, 34, 3014),
(319, 26, 11, '0.423076923', 203, 2016, 64, 26, 2904),
(320, 33, 23, '0.696969697', 204, 2016, 139, 51, 2444),
(321, 27, 15, '0.555555556', 204, 2018, 118, 43, 2566),
(322, 31, 18, '0.580645161', 204, 2019, 76, 27, 1566),
(323, 29, 11, '0.379310345', 205, 2017, 65, 27, 2071),
(324, 31, 12, '0.387096774', 206, 2019, 39, 17, 3100),
(325, 23, 9, '0.391304348', 207, 2017, 73, 24, 2163),
(326, 26, 12, '0.461538462', 208, 2016, 80, 33, 2174),
(327, 18, 16, '0.888888889', 208, 2018, 74, 29, 2152),
(328, 35, 11, '0.314285714', 208, 2019, 81, 38, 2663),
(329, 28, 11, '0.392857143', 208, 2020, 20, 12, 861),
(330, 25, 15, '0.600000000', 209, 2018, 70, 30, 2213),
(331, 33, 11, '0.333333333', 210, 2018, 66, 33, 2541),
(332, 33, 28, '0.848484848', 211, 2019, 88, 35, 2380),
(333, 25, 13, '0.520000000', 212, 2019, 80, 35, 3087),
(334, 24, 11, '0.458333333', 213, 2017, 87, 33, 3062),
(335, 25, 18, '0.720000000', 214, 2016, 74, 50, 2496),
(336, 30, 16, '0.533333333', 214, 2017, 95, 40, 2596),
(337, 11, 6, '0.545454545', 214, 2018, 107, 39, 2582),
(338, 10, 6, '0.600000000', 214, 2019, 123, 63, 2744),
(339, 10, 10, '1.000000000', 214, 2020, 23, 10, 876),
(340, 10, 4, '0.400000000', 215, 2016, 72, 46, 2772),
(341, 10, 5, '0.500000000', 216, 2019, 86, 35, 2434),
(342, 10, 7, '0.700000000', 217, 2018, 94, 36, 3000),
(343, 11, 5, '0.454545455', 218, 2017, 89, 29, 2869),
(344, 10, 4, '0.400000000', 218, 2016, 69, 29, 2102),
(345, 10, 4, '0.400000000', 218, 2018, 55, 26, 2471),
(346, 11, 4, '0.363636364', 218, 2019, 59, 19, 2171),
(347, 11, 4, '0.363636364', 219, 2016, 44, 23, 1735),
(348, 11, 4, '0.363636364', 219, 2018, 76, 36, 2975),
(349, 10, 4, '0.400000000', 219, 2019, 64, 36, 2321),
(350, 10, 7, '0.700000000', 219, 2020, 30, 8, 879),
(351, 10, 4, '0.400000000', 220, 2018, 73, 34, 3061),
(352, 10, 9, '0.900000000', 220, 2019, 85, 38, 2893),
(353, 10, 4, '0.400000000', 221, 2018, 65, 27, 2556),
(354, 10, 6, '0.600000000', 222, 2016, 115, 45, 2578);

--
-- Index pour les tables déchargées
--

--
-- Index pour la table `table_club`
--
ALTER TABLE `table_club`
  ADD PRIMARY KEY (`id_club`),
  ADD KEY `id_ligue` (`id_ligue`);

--
-- Index pour la table `table_joueur`
--
ALTER TABLE `table_joueur`
  ADD PRIMARY KEY (`ID`),
  ADD KEY `id_joueur_club` (`id_joueur_club`);

--
-- Index pour la table `table_ligue`
--
ALTER TABLE `table_ligue`
  ADD PRIMARY KEY (`ID_ligue`);

--
-- Index pour la table `table_stats`
--
ALTER TABLE `table_stats`
  ADD PRIMARY KEY (`id_stats`),
  ADD KEY `id_stats_joueurs` (`id_stats_joueurs`);

--
-- Contraintes pour les tables déchargées
--

--
-- Contraintes pour la table `table_club`
--
ALTER TABLE `table_club`
  ADD CONSTRAINT `table_club_ibfk_1` FOREIGN KEY (`id_ligue`) REFERENCES `table_ligue` (`ID_ligue`);

--
-- Contraintes pour la table `table_joueur`
--
ALTER TABLE `table_joueur`
  ADD CONSTRAINT `table_joueur_ibfk_1` FOREIGN KEY (`id_joueur_club`) REFERENCES `table_club` (`id_club`);

--
-- Contraintes pour la table `table_stats`
--
ALTER TABLE `table_stats`
  ADD CONSTRAINT `table_stats_ibfk_1` FOREIGN KEY (`id_stats_joueurs`) REFERENCES `table_joueur` (`ID`);
COMMIT;

/*!40101 SET CHARACTER_SET_CLIENT=@OLD_CHARACTER_SET_CLIENT */;
/*!40101 SET CHARACTER_SET_RESULTS=@OLD_CHARACTER_SET_RESULTS */;
/*!40101 SET COLLATION_CONNECTION=@OLD_COLLATION_CONNECTION */;
